profile,run,allocs,native,output_counts,peak_extra_bytes,reallocs,requested_bytes,round,source,variant
debug,0,1434,False,"[276, 90, 14, 0]",174204,2,331470,0,lib/tests/core/fact.zy,original
debug,0,1083,False,"[276, 90, 14, 0]",174308,2,298326,0,lib/tests/core/fact.zy,jobs
debug,0,782,False,"[276, 90, 14, 0]",223756,9,388315,0,lib/tests/core/fact.zy,explicit
debug,0,781,False,"[276, 90, 14, 0]",223244,9,387803,0,lib/tests/core/fact.zy,recursive
debug,0,1083,False,"[276, 90, 14, 0]",174308,2,298326,1,lib/tests/core/fact.zy,jobs
debug,0,782,False,"[276, 90, 14, 0]",223756,9,388315,1,lib/tests/core/fact.zy,explicit
debug,0,781,False,"[276, 90, 14, 0]",223244,9,387803,1,lib/tests/core/fact.zy,recursive
debug,0,1434,False,"[276, 90, 14, 0]",174204,2,331470,1,lib/tests/core/fact.zy,original
debug,0,782,False,"[276, 90, 14, 0]",223756,9,388315,2,lib/tests/core/fact.zy,explicit
debug,0,781,False,"[276, 90, 14, 0]",223244,9,387803,2,lib/tests/core/fact.zy,recursive
debug,0,1434,False,"[276, 90, 14, 0]",174204,2,331470,2,lib/tests/core/fact.zy,original
debug,0,1083,False,"[276, 90, 14, 0]",174308,2,298326,2,lib/tests/core/fact.zy,jobs
debug,0,781,False,"[276, 90, 14, 0]",223244,9,387803,3,lib/tests/core/fact.zy,recursive
debug,0,1434,False,"[276, 90, 14, 0]",174204,2,331470,3,lib/tests/core/fact.zy,original
debug,0,1083,False,"[276, 90, 14, 0]",174308,2,298326,3,lib/tests/core/fact.zy,jobs
debug,0,782,False,"[276, 90, 14, 0]",223756,9,388315,3,lib/tests/core/fact.zy,explicit
debug,0,1434,False,"[276, 90, 14, 0]",174204,2,331470,4,lib/tests/core/fact.zy,original
debug,0,1083,False,"[276, 90, 14, 0]",174308,2,298326,4,lib/tests/core/fact.zy,jobs
debug,0,782,False,"[276, 90, 14, 0]",223756,9,388315,4,lib/tests/core/fact.zy,explicit
debug,0,781,False,"[276, 90, 14, 0]",223244,9,387803,4,lib/tests/core/fact.zy,recursive
debug,0,1083,False,"[276, 90, 14, 0]",174308,2,298326,5,lib/tests/core/fact.zy,jobs
debug,0,782,False,"[276, 90, 14, 0]",223756,9,388315,5,lib/tests/core/fact.zy,explicit
debug,0,781,False,"[276, 90, 14, 0]",223244,9,387803,5,lib/tests/core/fact.zy,recursive
debug,0,1434,False,"[276, 90, 14, 0]",174204,2,331470,5,lib/tests/core/fact.zy,original
debug,0,782,False,"[276, 90, 14, 0]",223756,9,388315,6,lib/tests/core/fact.zy,explicit
debug,0,781,False,"[276, 90, 14, 0]",223244,9,387803,6,lib/tests/core/fact.zy,recursive
debug,0,1434,False,"[276, 90, 14, 0]",174204,2,331470,6,lib/tests/core/fact.zy,original
debug,0,1083,False,"[276, 90, 14, 0]",174308,2,298326,6,lib/tests/core/fact.zy,jobs
debug,0,781,False,"[276, 90, 14, 0]",223244,9,387803,7,lib/tests/core/fact.zy,recursive
debug,0,1434,False,"[276, 90, 14, 0]",174204,2,331470,7,lib/tests/core/fact.zy,original
debug,0,1083,False,"[276, 90, 14, 0]",174308,2,298326,7,lib/tests/core/fact.zy,jobs
debug,0,782,False,"[276, 90, 14, 0]",223756,9,388315,7,lib/tests/core/fact.zy,explicit
debug,0,1377,True,"[265, 89, 14, 13]",175129,2,329606,0,lib/tests/core/fact.zy,original
debug,0,1042,True,"[265, 89, 14, 13]",175489,2,297930,0,lib/tests/core/fact.zy,jobs
debug,0,760,True,"[265, 89, 14, 13]",225001,9,388527,0,lib/tests/core/fact.zy,explicit
debug,0,759,True,"[265, 89, 14, 13]",224489,9,388015,0,lib/tests/core/fact.zy,recursive
debug,0,1042,True,"[265, 89, 14, 13]",175489,2,297930,1,lib/tests/core/fact.zy,jobs
debug,0,760,True,"[265, 89, 14, 13]",225001,9,388527,1,lib/tests/core/fact.zy,explicit
debug,0,759,True,"[265, 89, 14, 13]",224489,9,388015,1,lib/tests/core/fact.zy,recursive
debug,0,1377,True,"[265, 89, 14, 13]",175129,2,329606,1,lib/tests/core/fact.zy,original
debug,0,760,True,"[265, 89, 14, 13]",225001,9,388527,2,lib/tests/core/fact.zy,explicit
debug,0,759,True,"[265, 89, 14, 13]",224489,9,388015,2,lib/tests/core/fact.zy,recursive
debug,0,1377,True,"[265, 89, 14, 13]",175129,2,329606,2,lib/tests/core/fact.zy,original
debug,0,1042,True,"[265, 89, 14, 13]",175489,2,297930,2,lib/tests/core/fact.zy,jobs
debug,0,759,True,"[265, 89, 14, 13]",224489,9,388015,3,lib/tests/core/fact.zy,recursive
debug,0,1377,True,"[265, 89, 14, 13]",175129,2,329606,3,lib/tests/core/fact.zy,original
debug,0,1042,True,"[265, 89, 14, 13]",175489,2,297930,3,lib/tests/core/fact.zy,jobs
debug,0,760,True,"[265, 89, 14, 13]",225001,9,388527,3,lib/tests/core/fact.zy,explicit
debug,0,1377,True,"[265, 89, 14, 13]",175129,2,329606,4,lib/tests/core/fact.zy,original
debug,0,1042,True,"[265, 89, 14, 13]",175489,2,297930,4,lib/tests/core/fact.zy,jobs
debug,0,760,True,"[265, 89, 14, 13]",225001,9,388527,4,lib/tests/core/fact.zy,explicit
debug,0,759,True,"[265, 89, 14, 13]",224489,9,388015,4,lib/tests/core/fact.zy,recursive
debug,0,1042,True,"[265, 89, 14, 13]",175489,2,297930,5,lib/tests/core/fact.zy,jobs
debug,0,760,True,"[265, 89, 14, 13]",225001,9,388527,5,lib/tests/core/fact.zy,explicit
debug,0,759,True,"[265, 89, 14, 13]",224489,9,388015,5,lib/tests/core/fact.zy,recursive
debug,0,1377,True,"[265, 89, 14, 13]",175129,2,329606,5,lib/tests/core/fact.zy,original
debug,0,760,True,"[265, 89, 14, 13]",225001,9,388527,6,lib/tests/core/fact.zy,explicit
debug,0,759,True,"[265, 89, 14, 13]",224489,9,388015,6,lib/tests/core/fact.zy,recursive
debug,0,1377,True,"[265, 89, 14, 13]",175129,2,329606,6,lib/tests/core/fact.zy,original
debug,0,1042,True,"[265, 89, 14, 13]",175489,2,297930,6,lib/tests/core/fact.zy,jobs
debug,0,759,True,"[265, 89, 14, 13]",224489,9,388015,7,lib/tests/core/fact.zy,recursive
debug,0,1377,True,"[265, 89, 14, 13]",175129,2,329606,7,lib/tests/core/fact.zy,original
debug,0,1042,True,"[265, 89, 14, 13]",175489,2,297930,7,lib/tests/core/fact.zy,jobs
debug,0,760,True,"[265, 89, 14, 13]",225001,9,388527,7,lib/tests/core/fact.zy,explicit
debug,0,12,False,"[2, 0, 0, 0]",1416,0,1532,0,lib/tests/core/pattern-alias.zy,original
debug,0,11,False,"[2, 0, 0, 0]",1736,0,1852,0,lib/tests/core/pattern-alias.zy,jobs
debug,0,11,False,"[2, 0, 0, 0]",2568,0,2572,0,lib/tests/core/pattern-alias.zy,explicit
debug,0,10,False,"[2, 0, 0, 0]",2056,0,2060,0,lib/tests/core/pattern-alias.zy,recursive
debug,0,11,False,"[2, 0, 0, 0]",1736,0,1852,1,lib/tests/core/pattern-alias.zy,jobs
debug,0,11,False,"[2, 0, 0, 0]",2568,0,2572,1,lib/tests/core/pattern-alias.zy,explicit
debug,0,10,False,"[2, 0, 0, 0]",2056,0,2060,1,lib/tests/core/pattern-alias.zy,recursive
debug,0,12,False,"[2, 0, 0, 0]",1416,0,1532,1,lib/tests/core/pattern-alias.zy,original
debug,0,11,False,"[2, 0, 0, 0]",2568,0,2572,2,lib/tests/core/pattern-alias.zy,explicit
debug,0,10,False,"[2, 0, 0, 0]",2056,0,2060,2,lib/tests/core/pattern-alias.zy,recursive
debug,0,12,False,"[2, 0, 0, 0]",1416,0,1532,2,lib/tests/core/pattern-alias.zy,original
debug,0,11,False,"[2, 0, 0, 0]",1736,0,1852,2,lib/tests/core/pattern-alias.zy,jobs
debug,0,10,False,"[2, 0, 0, 0]",2056,0,2060,3,lib/tests/core/pattern-alias.zy,recursive
debug,0,12,False,"[2, 0, 0, 0]",1416,0,1532,3,lib/tests/core/pattern-alias.zy,original
debug,0,11,False,"[2, 0, 0, 0]",1736,0,1852,3,lib/tests/core/pattern-alias.zy,jobs
debug,0,11,False,"[2, 0, 0, 0]",2568,0,2572,3,lib/tests/core/pattern-alias.zy,explicit
debug,0,12,False,"[2, 0, 0, 0]",1416,0,1532,4,lib/tests/core/pattern-alias.zy,original
debug,0,11,False,"[2, 0, 0, 0]",1736,0,1852,4,lib/tests/core/pattern-alias.zy,jobs
debug,0,11,False,"[2, 0, 0, 0]",2568,0,2572,4,lib/tests/core/pattern-alias.zy,explicit
debug,0,10,False,"[2, 0, 0, 0]",2056,0,2060,4,lib/tests/core/pattern-alias.zy,recursive
debug,0,11,False,"[2, 0, 0, 0]",1736,0,1852,5,lib/tests/core/pattern-alias.zy,jobs
debug,0,11,False,"[2, 0, 0, 0]",2568,0,2572,5,lib/tests/core/pattern-alias.zy,explicit
debug,0,10,False,"[2, 0, 0, 0]",2056,0,2060,5,lib/tests/core/pattern-alias.zy,recursive
debug,0,12,False,"[2, 0, 0, 0]",1416,0,1532,5,lib/tests/core/pattern-alias.zy,original
debug,0,11,False,"[2, 0, 0, 0]",2568,0,2572,6,lib/tests/core/pattern-alias.zy,explicit
debug,0,10,False,"[2, 0, 0, 0]",2056,0,2060,6,lib/tests/core/pattern-alias.zy,recursive
debug,0,12,False,"[2, 0, 0, 0]",1416,0,1532,6,lib/tests/core/pattern-alias.zy,original
debug,0,11,False,"[2, 0, 0, 0]",1736,0,1852,6,lib/tests/core/pattern-alias.zy,jobs
debug,0,10,False,"[2, 0, 0, 0]",2056,0,2060,7,lib/tests/core/pattern-alias.zy,recursive
debug,0,12,False,"[2, 0, 0, 0]",1416,0,1532,7,lib/tests/core/pattern-alias.zy,original
debug,0,11,False,"[2, 0, 0, 0]",1736,0,1852,7,lib/tests/core/pattern-alias.zy,jobs
debug,0,11,False,"[2, 0, 0, 0]",2568,0,2572,7,lib/tests/core/pattern-alias.zy,explicit
debug,0,13,True,"[2, 0, 0, 1]",1824,0,1940,0,lib/tests/core/pattern-alias.zy,original
debug,0,12,True,"[2, 0, 0, 1]",2144,0,2260,0,lib/tests/core/pattern-alias.zy,jobs
debug,0,12,True,"[2, 0, 0, 1]",2976,0,2980,0,lib/tests/core/pattern-alias.zy,explicit
debug,0,11,True,"[2, 0, 0, 1]",2464,0,2468,0,lib/tests/core/pattern-alias.zy,recursive
debug,0,12,True,"[2, 0, 0, 1]",2144,0,2260,1,lib/tests/core/pattern-alias.zy,jobs
debug,0,12,True,"[2, 0, 0, 1]",2976,0,2980,1,lib/tests/core/pattern-alias.zy,explicit
debug,0,11,True,"[2, 0, 0, 1]",2464,0,2468,1,lib/tests/core/pattern-alias.zy,recursive
debug,0,13,True,"[2, 0, 0, 1]",1824,0,1940,1,lib/tests/core/pattern-alias.zy,original
debug,0,12,True,"[2, 0, 0, 1]",2976,0,2980,2,lib/tests/core/pattern-alias.zy,explicit
debug,0,11,True,"[2, 0, 0, 1]",2464,0,2468,2,lib/tests/core/pattern-alias.zy,recursive
debug,0,13,True,"[2, 0, 0, 1]",1824,0,1940,2,lib/tests/core/pattern-alias.zy,original
debug,0,12,True,"[2, 0, 0, 1]",2144,0,2260,2,lib/tests/core/pattern-alias.zy,jobs
debug,0,11,True,"[2, 0, 0, 1]",2464,0,2468,3,lib/tests/core/pattern-alias.zy,recursive
debug,0,13,True,"[2, 0, 0, 1]",1824,0,1940,3,lib/tests/core/pattern-alias.zy,original
debug,0,12,True,"[2, 0, 0, 1]",2144,0,2260,3,lib/tests/core/pattern-alias.zy,jobs
debug,0,12,True,"[2, 0, 0, 1]",2976,0,2980,3,lib/tests/core/pattern-alias.zy,explicit
debug,0,13,True,"[2, 0, 0, 1]",1824,0,1940,4,lib/tests/core/pattern-alias.zy,original
debug,0,12,True,"[2, 0, 0, 1]",2144,0,2260,4,lib/tests/core/pattern-alias.zy,jobs
debug,0,12,True,"[2, 0, 0, 1]",2976,0,2980,4,lib/tests/core/pattern-alias.zy,explicit
debug,0,11,True,"[2, 0, 0, 1]",2464,0,2468,4,lib/tests/core/pattern-alias.zy,recursive
debug,0,12,True,"[2, 0, 0, 1]",2144,0,2260,5,lib/tests/core/pattern-alias.zy,jobs
debug,0,12,True,"[2, 0, 0, 1]",2976,0,2980,5,lib/tests/core/pattern-alias.zy,explicit
debug,0,11,True,"[2, 0, 0, 1]",2464,0,2468,5,lib/tests/core/pattern-alias.zy,recursive
debug,0,13,True,"[2, 0, 0, 1]",1824,0,1940,5,lib/tests/core/pattern-alias.zy,original
debug,0,12,True,"[2, 0, 0, 1]",2976,0,2980,6,lib/tests/core/pattern-alias.zy,explicit
debug,0,11,True,"[2, 0, 0, 1]",2464,0,2468,6,lib/tests/core/pattern-alias.zy,recursive
debug,0,13,True,"[2, 0, 0, 1]",1824,0,1940,6,lib/tests/core/pattern-alias.zy,original
debug,0,12,True,"[2, 0, 0, 1]",2144,0,2260,6,lib/tests/core/pattern-alias.zy,jobs
debug,0,11,True,"[2, 0, 0, 1]",2464,0,2468,7,lib/tests/core/pattern-alias.zy,recursive
debug,0,13,True,"[2, 0, 0, 1]",1824,0,1940,7,lib/tests/core/pattern-alias.zy,original
debug,0,12,True,"[2, 0, 0, 1]",2144,0,2260,7,lib/tests/core/pattern-alias.zy,jobs
debug,0,12,True,"[2, 0, 0, 1]",2976,0,2980,7,lib/tests/core/pattern-alias.zy,explicit
debug,0,534,False,"[104, 26, 8, 0]",42070,1,89192,0,lib/tests/core/native-frames.zy,original
debug,0,413,False,"[104, 26, 8, 0]",42390,1,77168,0,lib/tests/core/native-frames.zy,jobs
debug,0,300,False,"[104, 26, 8, 0]",67378,7,123264,0,lib/tests/core/native-frames.zy,explicit
debug,0,299,False,"[104, 26, 8, 0]",66866,7,122752,0,lib/tests/core/native-frames.zy,recursive
debug,0,413,False,"[104, 26, 8, 0]",42390,1,77168,1,lib/tests/core/native-frames.zy,jobs
debug,0,300,False,"[104, 26, 8, 0]",67378,7,123264,1,lib/tests/core/native-frames.zy,explicit
debug,0,299,False,"[104, 26, 8, 0]",66866,7,122752,1,lib/tests/core/native-frames.zy,recursive
debug,0,534,False,"[104, 26, 8, 0]",42070,1,89192,1,lib/tests/core/native-frames.zy,original
debug,0,300,False,"[104, 26, 8, 0]",67378,7,123264,2,lib/tests/core/native-frames.zy,explicit
debug,0,299,False,"[104, 26, 8, 0]",66866,7,122752,2,lib/tests/core/native-frames.zy,recursive
debug,0,534,False,"[104, 26, 8, 0]",42070,1,89192,2,lib/tests/core/native-frames.zy,original
debug,0,413,False,"[104, 26, 8, 0]",42390,1,77168,2,lib/tests/core/native-frames.zy,jobs
debug,0,299,False,"[104, 26, 8, 0]",66866,7,122752,3,lib/tests/core/native-frames.zy,recursive
debug,0,534,False,"[104, 26, 8, 0]",42070,1,89192,3,lib/tests/core/native-frames.zy,original
debug,0,413,False,"[104, 26, 8, 0]",42390,1,77168,3,lib/tests/core/native-frames.zy,jobs
debug,0,300,False,"[104, 26, 8, 0]",67378,7,123264,3,lib/tests/core/native-frames.zy,explicit
debug,0,534,False,"[104, 26, 8, 0]",42070,1,89192,4,lib/tests/core/native-frames.zy,original
debug,0,413,False,"[104, 26, 8, 0]",42390,1,77168,4,lib/tests/core/native-frames.zy,jobs
debug,0,300,False,"[104, 26, 8, 0]",67378,7,123264,4,lib/tests/core/native-frames.zy,explicit
debug,0,299,False,"[104, 26, 8, 0]",66866,7,122752,4,lib/tests/core/native-frames.zy,recursive
debug,0,413,False,"[104, 26, 8, 0]",42390,1,77168,5,lib/tests/core/native-frames.zy,jobs
debug,0,300,False,"[104, 26, 8, 0]",67378,7,123264,5,lib/tests/core/native-frames.zy,explicit
debug,0,299,False,"[104, 26, 8, 0]",66866,7,122752,5,lib/tests/core/native-frames.zy,recursive
debug,0,534,False,"[104, 26, 8, 0]",42070,1,89192,5,lib/tests/core/native-frames.zy,original
debug,0,300,False,"[104, 26, 8, 0]",67378,7,123264,6,lib/tests/core/native-frames.zy,explicit
debug,0,299,False,"[104, 26, 8, 0]",66866,7,122752,6,lib/tests/core/native-frames.zy,recursive
debug,0,534,False,"[104, 26, 8, 0]",42070,1,89192,6,lib/tests/core/native-frames.zy,original
debug,0,413,False,"[104, 26, 8, 0]",42390,1,77168,6,lib/tests/core/native-frames.zy,jobs
debug,0,299,False,"[104, 26, 8, 0]",66866,7,122752,7,lib/tests/core/native-frames.zy,recursive
debug,0,534,False,"[104, 26, 8, 0]",42070,1,89192,7,lib/tests/core/native-frames.zy,original
debug,0,413,False,"[104, 26, 8, 0]",42390,1,77168,7,lib/tests/core/native-frames.zy,jobs
debug,0,300,False,"[104, 26, 8, 0]",67378,7,123264,7,lib/tests/core/native-frames.zy,explicit
debug,0,495,True,"[97, 25, 8, 9]",41949,1,87560,0,lib/tests/core/native-frames.zy,original
debug,0,384,True,"[97, 25, 8, 9]",42269,1,76468,0,lib/tests/core/native-frames.zy,jobs
debug,0,286,True,"[97, 25, 8, 9]",54969,6,98468,0,lib/tests/core/native-frames.zy,explicit
debug,0,285,True,"[97, 25, 8, 9]",54457,6,97956,0,lib/tests/core/native-frames.zy,recursive
debug,0,384,True,"[97, 25, 8, 9]",42269,1,76468,1,lib/tests/core/native-frames.zy,jobs
debug,0,286,True,"[97, 25, 8, 9]",54969,6,98468,1,lib/tests/core/native-frames.zy,explicit
debug,0,285,True,"[97, 25, 8, 9]",54457,6,97956,1,lib/tests/core/native-frames.zy,recursive
debug,0,495,True,"[97, 25, 8, 9]",41949,1,87560,1,lib/tests/core/native-frames.zy,original
debug,0,286,True,"[97, 25, 8, 9]",54969,6,98468,2,lib/tests/core/native-frames.zy,explicit
debug,0,285,True,"[97, 25, 8, 9]",54457,6,97956,2,lib/tests/core/native-frames.zy,recursive
debug,0,495,True,"[97, 25, 8, 9]",41949,1,87560,2,lib/tests/core/native-frames.zy,original
debug,0,384,True,"[97, 25, 8, 9]",42269,1,76468,2,lib/tests/core/native-frames.zy,jobs
debug,0,285,True,"[97, 25, 8, 9]",54457,6,97956,3,lib/tests/core/native-frames.zy,recursive
debug,0,495,True,"[97, 25, 8, 9]",41949,1,87560,3,lib/tests/core/native-frames.zy,original
debug,0,384,True,"[97, 25, 8, 9]",42269,1,76468,3,lib/tests/core/native-frames.zy,jobs
debug,0,286,True,"[97, 25, 8, 9]",54969,6,98468,3,lib/tests/core/native-frames.zy,explicit
debug,0,495,True,"[97, 25, 8, 9]",41949,1,87560,4,lib/tests/core/native-frames.zy,original
debug,0,384,True,"[97, 25, 8, 9]",42269,1,76468,4,lib/tests/core/native-frames.zy,jobs
debug,0,286,True,"[97, 25, 8, 9]",54969,6,98468,4,lib/tests/core/native-frames.zy,explicit
debug,0,285,True,"[97, 25, 8, 9]",54457,6,97956,4,lib/tests/core/native-frames.zy,recursive
debug,0,384,True,"[97, 25, 8, 9]",42269,1,76468,5,lib/tests/core/native-frames.zy,jobs
debug,0,286,True,"[97, 25, 8, 9]",54969,6,98468,5,lib/tests/core/native-frames.zy,explicit
debug,0,285,True,"[97, 25, 8, 9]",54457,6,97956,5,lib/tests/core/native-frames.zy,recursive
debug,0,495,True,"[97, 25, 8, 9]",41949,1,87560,5,lib/tests/core/native-frames.zy,original
debug,0,286,True,"[97, 25, 8, 9]",54969,6,98468,6,lib/tests/core/native-frames.zy,explicit
debug,0,285,True,"[97, 25, 8, 9]",54457,6,97956,6,lib/tests/core/native-frames.zy,recursive
debug,0,495,True,"[97, 25, 8, 9]",41949,1,87560,6,lib/tests/core/native-frames.zy,original
debug,0,384,True,"[97, 25, 8, 9]",42269,1,76468,6,lib/tests/core/native-frames.zy,jobs
debug,0,285,True,"[97, 25, 8, 9]",54457,6,97956,7,lib/tests/core/native-frames.zy,recursive
debug,0,495,True,"[97, 25, 8, 9]",41949,1,87560,7,lib/tests/core/native-frames.zy,original
debug,0,384,True,"[97, 25, 8, 9]",42269,1,76468,7,lib/tests/core/native-frames.zy,jobs
debug,0,286,True,"[97, 25, 8, 9]",54969,6,98468,7,lib/tests/core/native-frames.zy,explicit
debug,0,527,False,"[93, 26, 7, 0]",42506,2,89288,0,lib/tests/builtin/host-return.zy,original
debug,0,416,False,"[93, 26, 7, 0]",42826,2,78544,0,lib/tests/builtin/host-return.zy,jobs
debug,0,306,False,"[93, 26, 7, 0]",55538,7,99608,0,lib/tests/builtin/host-return.zy,explicit
debug,0,305,False,"[93, 26, 7, 0]",55026,7,99096,0,lib/tests/builtin/host-return.zy,recursive
debug,0,416,False,"[93, 26, 7, 0]",42826,2,78544,1,lib/tests/builtin/host-return.zy,jobs
debug,0,306,False,"[93, 26, 7, 0]",55538,7,99608,1,lib/tests/builtin/host-return.zy,explicit
debug,0,305,False,"[93, 26, 7, 0]",55026,7,99096,1,lib/tests/builtin/host-return.zy,recursive
debug,0,527,False,"[93, 26, 7, 0]",42506,2,89288,1,lib/tests/builtin/host-return.zy,original
debug,0,306,False,"[93, 26, 7, 0]",55538,7,99608,2,lib/tests/builtin/host-return.zy,explicit
debug,0,305,False,"[93, 26, 7, 0]",55026,7,99096,2,lib/tests/builtin/host-return.zy,recursive
debug,0,527,False,"[93, 26, 7, 0]",42506,2,89288,2,lib/tests/builtin/host-return.zy,original
debug,0,416,False,"[93, 26, 7, 0]",42826,2,78544,2,lib/tests/builtin/host-return.zy,jobs
debug,0,305,False,"[93, 26, 7, 0]",55026,7,99096,3,lib/tests/builtin/host-return.zy,recursive
debug,0,527,False,"[93, 26, 7, 0]",42506,2,89288,3,lib/tests/builtin/host-return.zy,original
debug,0,416,False,"[93, 26, 7, 0]",42826,2,78544,3,lib/tests/builtin/host-return.zy,jobs
debug,0,306,False,"[93, 26, 7, 0]",55538,7,99608,3,lib/tests/builtin/host-return.zy,explicit
debug,0,527,False,"[93, 26, 7, 0]",42506,2,89288,4,lib/tests/builtin/host-return.zy,original
debug,0,416,False,"[93, 26, 7, 0]",42826,2,78544,4,lib/tests/builtin/host-return.zy,jobs
debug,0,306,False,"[93, 26, 7, 0]",55538,7,99608,4,lib/tests/builtin/host-return.zy,explicit
debug,0,305,False,"[93, 26, 7, 0]",55026,7,99096,4,lib/tests/builtin/host-return.zy,recursive
debug,0,416,False,"[93, 26, 7, 0]",42826,2,78544,5,lib/tests/builtin/host-return.zy,jobs
debug,0,306,False,"[93, 26, 7, 0]",55538,7,99608,5,lib/tests/builtin/host-return.zy,explicit
debug,0,305,False,"[93, 26, 7, 0]",55026,7,99096,5,lib/tests/builtin/host-return.zy,recursive
debug,0,527,False,"[93, 26, 7, 0]",42506,2,89288,5,lib/tests/builtin/host-return.zy,original
debug,0,306,False,"[93, 26, 7, 0]",55538,7,99608,6,lib/tests/builtin/host-return.zy,explicit
debug,0,305,False,"[93, 26, 7, 0]",55026,7,99096,6,lib/tests/builtin/host-return.zy,recursive
debug,0,527,False,"[93, 26, 7, 0]",42506,2,89288,6,lib/tests/builtin/host-return.zy,original
debug,0,416,False,"[93, 26, 7, 0]",42826,2,78544,6,lib/tests/builtin/host-return.zy,jobs
debug,0,305,False,"[93, 26, 7, 0]",55026,7,99096,7,lib/tests/builtin/host-return.zy,recursive
debug,0,527,False,"[93, 26, 7, 0]",42506,2,89288,7,lib/tests/builtin/host-return.zy,original
debug,0,416,False,"[93, 26, 7, 0]",42826,2,78544,7,lib/tests/builtin/host-return.zy,jobs
debug,0,306,False,"[93, 26, 7, 0]",55538,7,99608,7,lib/tests/builtin/host-return.zy,explicit
debug,0,383,True,"[66, 24, 7, 8]",45128,2,82363,0,lib/tests/builtin/host-return.zy,original
debug,0,311,True,"[66, 24, 7, 8]",45320,2,75219,0,lib/tests/builtin/host-return.zy,jobs
debug,0,247,True,"[66, 24, 7, 8]",57976,7,97755,0,lib/tests/builtin/host-return.zy,explicit
debug,0,246,True,"[66, 24, 7, 8]",57464,7,97243,0,lib/tests/builtin/host-return.zy,recursive
debug,0,311,True,"[66, 24, 7, 8]",45320,2,75219,1,lib/tests/builtin/host-return.zy,jobs
debug,0,247,True,"[66, 24, 7, 8]",57976,7,97755,1,lib/tests/builtin/host-return.zy,explicit
debug,0,246,True,"[66, 24, 7, 8]",57464,7,97243,1,lib/tests/builtin/host-return.zy,recursive
debug,0,383,True,"[66, 24, 7, 8]",45128,2,82363,1,lib/tests/builtin/host-return.zy,original
debug,0,247,True,"[66, 24, 7, 8]",57976,7,97755,2,lib/tests/builtin/host-return.zy,explicit
debug,0,246,True,"[66, 24, 7, 8]",57464,7,97243,2,lib/tests/builtin/host-return.zy,recursive
debug,0,383,True,"[66, 24, 7, 8]",45128,2,82363,2,lib/tests/builtin/host-return.zy,original
debug,0,311,True,"[66, 24, 7, 8]",45320,2,75219,2,lib/tests/builtin/host-return.zy,jobs
debug,0,246,True,"[66, 24, 7, 8]",57464,7,97243,3,lib/tests/builtin/host-return.zy,recursive
debug,0,383,True,"[66, 24, 7, 8]",45128,2,82363,3,lib/tests/builtin/host-return.zy,original
debug,0,311,True,"[66, 24, 7, 8]",45320,2,75219,3,lib/tests/builtin/host-return.zy,jobs
debug,0,247,True,"[66, 24, 7, 8]",57976,7,97755,3,lib/tests/builtin/host-return.zy,explicit
debug,0,383,True,"[66, 24, 7, 8]",45128,2,82363,4,lib/tests/builtin/host-return.zy,original
debug,0,311,True,"[66, 24, 7, 8]",45320,2,75219,4,lib/tests/builtin/host-return.zy,jobs
debug,0,247,True,"[66, 24, 7, 8]",57976,7,97755,4,lib/tests/builtin/host-return.zy,explicit
debug,0,246,True,"[66, 24, 7, 8]",57464,7,97243,4,lib/tests/builtin/host-return.zy,recursive
debug,0,311,True,"[66, 24, 7, 8]",45320,2,75219,5,lib/tests/builtin/host-return.zy,jobs
debug,0,247,True,"[66, 24, 7, 8]",57976,7,97755,5,lib/tests/builtin/host-return.zy,explicit
debug,0,246,True,"[66, 24, 7, 8]",57464,7,97243,5,lib/tests/builtin/host-return.zy,recursive
debug,0,383,True,"[66, 24, 7, 8]",45128,2,82363,5,lib/tests/builtin/host-return.zy,original
debug,0,247,True,"[66, 24, 7, 8]",57976,7,97755,6,lib/tests/builtin/host-return.zy,explicit
debug,0,246,True,"[66, 24, 7, 8]",57464,7,97243,6,lib/tests/builtin/host-return.zy,recursive
debug,0,383,True,"[66, 24, 7, 8]",45128,2,82363,6,lib/tests/builtin/host-return.zy,original
debug,0,311,True,"[66, 24, 7, 8]",45320,2,75219,6,lib/tests/builtin/host-return.zy,jobs
debug,0,246,True,"[66, 24, 7, 8]",57464,7,97243,7,lib/tests/builtin/host-return.zy,recursive
debug,0,383,True,"[66, 24, 7, 8]",45128,2,82363,7,lib/tests/builtin/host-return.zy,original
debug,0,311,True,"[66, 24, 7, 8]",45320,2,75219,7,lib/tests/builtin/host-return.zy,jobs
debug,0,247,True,"[66, 24, 7, 8]",57976,7,97755,7,lib/tests/builtin/host-return.zy,explicit
debug,0,2776,False,"[525, 160, 38, 0]",332949,7,634634,0,lib/tests/builtin/host-runtime.zy,original
debug,0,2130,False,"[525, 160, 38, 0]",333461,7,571850,0,lib/tests/builtin/host-runtime.zy,jobs
debug,0,1516,False,"[525, 160, 38, 0]",431901,15,749366,0,lib/tests/builtin/host-runtime.zy,explicit
debug,0,1515,False,"[525, 160, 38, 0]",431389,15,748854,0,lib/tests/builtin/host-runtime.zy,recursive
debug,0,2130,False,"[525, 160, 38, 0]",333461,7,571850,1,lib/tests/builtin/host-runtime.zy,jobs
debug,0,1516,False,"[525, 160, 38, 0]",431901,15,749366,1,lib/tests/builtin/host-runtime.zy,explicit
debug,0,1515,False,"[525, 160, 38, 0]",431389,15,748854,1,lib/tests/builtin/host-runtime.zy,recursive
debug,0,2776,False,"[525, 160, 38, 0]",332949,7,634634,1,lib/tests/builtin/host-runtime.zy,original
debug,0,1516,False,"[525, 160, 38, 0]",431901,15,749366,2,lib/tests/builtin/host-runtime.zy,explicit
debug,0,1515,False,"[525, 160, 38, 0]",431389,15,748854,2,lib/tests/builtin/host-runtime.zy,recursive
debug,0,2776,False,"[525, 160, 38, 0]",332949,7,634634,2,lib/tests/builtin/host-runtime.zy,original
debug,0,2130,False,"[525, 160, 38, 0]",333461,7,571850,2,lib/tests/builtin/host-runtime.zy,jobs
debug,0,1515,False,"[525, 160, 38, 0]",431389,15,748854,3,lib/tests/builtin/host-runtime.zy,recursive
debug,0,2776,False,"[525, 160, 38, 0]",332949,7,634634,3,lib/tests/builtin/host-runtime.zy,original
debug,0,2130,False,"[525, 160, 38, 0]",333461,7,571850,3,lib/tests/builtin/host-runtime.zy,jobs
debug,0,1516,False,"[525, 160, 38, 0]",431901,15,749366,3,lib/tests/builtin/host-runtime.zy,explicit
debug,0,2776,False,"[525, 160, 38, 0]",332949,7,634634,4,lib/tests/builtin/host-runtime.zy,original
debug,0,2130,False,"[525, 160, 38, 0]",333461,7,571850,4,lib/tests/builtin/host-runtime.zy,jobs
debug,0,1516,False,"[525, 160, 38, 0]",431901,15,749366,4,lib/tests/builtin/host-runtime.zy,explicit
debug,0,1515,False,"[525, 160, 38, 0]",431389,15,748854,4,lib/tests/builtin/host-runtime.zy,recursive
debug,0,2130,False,"[525, 160, 38, 0]",333461,7,571850,5,lib/tests/builtin/host-runtime.zy,jobs
debug,0,1516,False,"[525, 160, 38, 0]",431901,15,749366,5,lib/tests/builtin/host-runtime.zy,explicit
debug,0,1515,False,"[525, 160, 38, 0]",431389,15,748854,5,lib/tests/builtin/host-runtime.zy,recursive
debug,0,2776,False,"[525, 160, 38, 0]",332949,7,634634,5,lib/tests/builtin/host-runtime.zy,original
debug,0,1516,False,"[525, 160, 38, 0]",431901,15,749366,6,lib/tests/builtin/host-runtime.zy,explicit
debug,0,1515,False,"[525, 160, 38, 0]",431389,15,748854,6,lib/tests/builtin/host-runtime.zy,recursive
debug,0,2776,False,"[525, 160, 38, 0]",332949,7,634634,6,lib/tests/builtin/host-runtime.zy,original
debug,0,2130,False,"[525, 160, 38, 0]",333461,7,571850,6,lib/tests/builtin/host-runtime.zy,jobs
debug,0,1515,False,"[525, 160, 38, 0]",431389,15,748854,7,lib/tests/builtin/host-runtime.zy,recursive
debug,0,2776,False,"[525, 160, 38, 0]",332949,7,634634,7,lib/tests/builtin/host-runtime.zy,original
debug,0,2130,False,"[525, 160, 38, 0]",333461,7,571850,7,lib/tests/builtin/host-runtime.zy,jobs
debug,0,1516,False,"[525, 160, 38, 0]",431901,15,749366,7,lib/tests/builtin/host-runtime.zy,explicit
debug,0,2069,True,"[383, 160, 38, 39]",193090,7,387350,0,lib/tests/builtin/host-runtime.zy,original
debug,0,1630,True,"[383, 160, 38, 39]",193042,7,343522,0,lib/tests/builtin/host-runtime.zy,jobs
debug,0,1194,True,"[383, 160, 38, 39]",242378,14,428430,0,lib/tests/builtin/host-runtime.zy,explicit
debug,0,1193,True,"[383, 160, 38, 39]",241866,14,427918,0,lib/tests/builtin/host-runtime.zy,recursive
debug,0,1630,True,"[383, 160, 38, 39]",193042,7,343522,1,lib/tests/builtin/host-runtime.zy,jobs
debug,0,1194,True,"[383, 160, 38, 39]",242378,14,428430,1,lib/tests/builtin/host-runtime.zy,explicit
debug,0,1193,True,"[383, 160, 38, 39]",241866,14,427918,1,lib/tests/builtin/host-runtime.zy,recursive
debug,0,2069,True,"[383, 160, 38, 39]",193090,7,387350,1,lib/tests/builtin/host-runtime.zy,original
debug,0,1194,True,"[383, 160, 38, 39]",242378,14,428430,2,lib/tests/builtin/host-runtime.zy,explicit
debug,0,1193,True,"[383, 160, 38, 39]",241866,14,427918,2,lib/tests/builtin/host-runtime.zy,recursive
debug,0,2069,True,"[383, 160, 38, 39]",193090,7,387350,2,lib/tests/builtin/host-runtime.zy,original
debug,0,1630,True,"[383, 160, 38, 39]",193042,7,343522,2,lib/tests/builtin/host-runtime.zy,jobs
debug,0,1193,True,"[383, 160, 38, 39]",241866,14,427918,3,lib/tests/builtin/host-runtime.zy,recursive
debug,0,2069,True,"[383, 160, 38, 39]",193090,7,387350,3,lib/tests/builtin/host-runtime.zy,original
debug,0,1630,True,"[383, 160, 38, 39]",193042,7,343522,3,lib/tests/builtin/host-runtime.zy,jobs
debug,0,1194,True,"[383, 160, 38, 39]",242378,14,428430,3,lib/tests/builtin/host-runtime.zy,explicit
debug,0,2069,True,"[383, 160, 38, 39]",193090,7,387350,4,lib/tests/builtin/host-runtime.zy,original
debug,0,1630,True,"[383, 160, 38, 39]",193042,7,343522,4,lib/tests/builtin/host-runtime.zy,jobs
debug,0,1194,True,"[383, 160, 38, 39]",242378,14,428430,4,lib/tests/builtin/host-runtime.zy,explicit
debug,0,1193,True,"[383, 160, 38, 39]",241866,14,427918,4,lib/tests/builtin/host-runtime.zy,recursive
debug,0,1630,True,"[383, 160, 38, 39]",193042,7,343522,5,lib/tests/builtin/host-runtime.zy,jobs
debug,0,1194,True,"[383, 160, 38, 39]",242378,14,428430,5,lib/tests/builtin/host-runtime.zy,explicit
debug,0,1193,True,"[383, 160, 38, 39]",241866,14,427918,5,lib/tests/builtin/host-runtime.zy,recursive
debug,0,2069,True,"[383, 160, 38, 39]",193090,7,387350,5,lib/tests/builtin/host-runtime.zy,original
debug,0,1194,True,"[383, 160, 38, 39]",242378,14,428430,6,lib/tests/builtin/host-runtime.zy,explicit
debug,0,1193,True,"[383, 160, 38, 39]",241866,14,427918,6,lib/tests/builtin/host-runtime.zy,recursive
debug,0,2069,True,"[383, 160, 38, 39]",193090,7,387350,6,lib/tests/builtin/host-runtime.zy,original
debug,0,1630,True,"[383, 160, 38, 39]",193042,7,343522,6,lib/tests/builtin/host-runtime.zy,jobs
debug,0,1193,True,"[383, 160, 38, 39]",241866,14,427918,7,lib/tests/builtin/host-runtime.zy,recursive
debug,0,2069,True,"[383, 160, 38, 39]",193090,7,387350,7,lib/tests/builtin/host-runtime.zy,original
debug,0,1630,True,"[383, 160, 38, 39]",193042,7,343522,7,lib/tests/builtin/host-runtime.zy,jobs
debug,0,1194,True,"[383, 160, 38, 39]",242378,14,428430,7,lib/tests/builtin/host-runtime.zy,explicit
debug,0,1004,False,"[191, 52, 14, 0]",82031,2,174854,0,lib/tests/delimcc/reset-shift-k.zy,original
debug,0,776,False,"[191, 52, 14, 0]",82659,2,153046,0,lib/tests/delimcc/reset-shift-k.zy,jobs
debug,0,563,False,"[191, 52, 14, 0]",107563,8,196374,0,lib/tests/delimcc/reset-shift-k.zy,explicit
debug,0,562,False,"[191, 52, 14, 0]",107051,8,195862,0,lib/tests/delimcc/reset-shift-k.zy,recursive
debug,0,776,False,"[191, 52, 14, 0]",82659,2,153046,1,lib/tests/delimcc/reset-shift-k.zy,jobs
debug,0,563,False,"[191, 52, 14, 0]",107563,8,196374,1,lib/tests/delimcc/reset-shift-k.zy,explicit
debug,0,562,False,"[191, 52, 14, 0]",107051,8,195862,1,lib/tests/delimcc/reset-shift-k.zy,recursive
debug,0,1004,False,"[191, 52, 14, 0]",82031,2,174854,1,lib/tests/delimcc/reset-shift-k.zy,original
debug,0,563,False,"[191, 52, 14, 0]",107563,8,196374,2,lib/tests/delimcc/reset-shift-k.zy,explicit
debug,0,562,False,"[191, 52, 14, 0]",107051,8,195862,2,lib/tests/delimcc/reset-shift-k.zy,recursive
debug,0,1004,False,"[191, 52, 14, 0]",82031,2,174854,2,lib/tests/delimcc/reset-shift-k.zy,original
debug,0,776,False,"[191, 52, 14, 0]",82659,2,153046,2,lib/tests/delimcc/reset-shift-k.zy,jobs
debug,0,562,False,"[191, 52, 14, 0]",107051,8,195862,3,lib/tests/delimcc/reset-shift-k.zy,recursive
debug,0,1004,False,"[191, 52, 14, 0]",82031,2,174854,3,lib/tests/delimcc/reset-shift-k.zy,original
debug,0,776,False,"[191, 52, 14, 0]",82659,2,153046,3,lib/tests/delimcc/reset-shift-k.zy,jobs
debug,0,563,False,"[191, 52, 14, 0]",107563,8,196374,3,lib/tests/delimcc/reset-shift-k.zy,explicit
debug,0,1004,False,"[191, 52, 14, 0]",82031,2,174854,4,lib/tests/delimcc/reset-shift-k.zy,original
debug,0,776,False,"[191, 52, 14, 0]",82659,2,153046,4,lib/tests/delimcc/reset-shift-k.zy,jobs
debug,0,563,False,"[191, 52, 14, 0]",107563,8,196374,4,lib/tests/delimcc/reset-shift-k.zy,explicit
debug,0,562,False,"[191, 52, 14, 0]",107051,8,195862,4,lib/tests/delimcc/reset-shift-k.zy,recursive
debug,0,776,False,"[191, 52, 14, 0]",82659,2,153046,5,lib/tests/delimcc/reset-shift-k.zy,jobs
debug,0,563,False,"[191, 52, 14, 0]",107563,8,196374,5,lib/tests/delimcc/reset-shift-k.zy,explicit
debug,0,562,False,"[191, 52, 14, 0]",107051,8,195862,5,lib/tests/delimcc/reset-shift-k.zy,recursive
debug,0,1004,False,"[191, 52, 14, 0]",82031,2,174854,5,lib/tests/delimcc/reset-shift-k.zy,original
debug,0,563,False,"[191, 52, 14, 0]",107563,8,196374,6,lib/tests/delimcc/reset-shift-k.zy,explicit
debug,0,562,False,"[191, 52, 14, 0]",107051,8,195862,6,lib/tests/delimcc/reset-shift-k.zy,recursive
debug,0,1004,False,"[191, 52, 14, 0]",82031,2,174854,6,lib/tests/delimcc/reset-shift-k.zy,original
debug,0,776,False,"[191, 52, 14, 0]",82659,2,153046,6,lib/tests/delimcc/reset-shift-k.zy,jobs
debug,0,562,False,"[191, 52, 14, 0]",107051,8,195862,7,lib/tests/delimcc/reset-shift-k.zy,recursive
debug,0,1004,False,"[191, 52, 14, 0]",82031,2,174854,7,lib/tests/delimcc/reset-shift-k.zy,original
debug,0,776,False,"[191, 52, 14, 0]",82659,2,153046,7,lib/tests/delimcc/reset-shift-k.zy,jobs
debug,0,563,False,"[191, 52, 14, 0]",107563,8,196374,7,lib/tests/delimcc/reset-shift-k.zy,explicit
debug,0,967,True,"[184, 51, 14, 13]",82846,2,174158,0,lib/tests/delimcc/reset-shift-k.zy,original
debug,0,749,True,"[184, 51, 14, 13]",83474,2,153282,0,lib/tests/delimcc/reset-shift-k.zy,jobs
debug,0,551,True,"[184, 51, 14, 13]",108378,8,197090,0,lib/tests/delimcc/reset-shift-k.zy,explicit
debug,0,550,True,"[184, 51, 14, 13]",107866,8,196578,0,lib/tests/delimcc/reset-shift-k.zy,recursive
debug,0,749,True,"[184, 51, 14, 13]",83474,2,153282,1,lib/tests/delimcc/reset-shift-k.zy,jobs
debug,0,551,True,"[184, 51, 14, 13]",108378,8,197090,1,lib/tests/delimcc/reset-shift-k.zy,explicit
debug,0,550,True,"[184, 51, 14, 13]",107866,8,196578,1,lib/tests/delimcc/reset-shift-k.zy,recursive
debug,0,967,True,"[184, 51, 14, 13]",82846,2,174158,1,lib/tests/delimcc/reset-shift-k.zy,original
debug,0,551,True,"[184, 51, 14, 13]",108378,8,197090,2,lib/tests/delimcc/reset-shift-k.zy,explicit
debug,0,550,True,"[184, 51, 14, 13]",107866,8,196578,2,lib/tests/delimcc/reset-shift-k.zy,recursive
debug,0,967,True,"[184, 51, 14, 13]",82846,2,174158,2,lib/tests/delimcc/reset-shift-k.zy,original
debug,0,749,True,"[184, 51, 14, 13]",83474,2,153282,2,lib/tests/delimcc/reset-shift-k.zy,jobs
debug,0,550,True,"[184, 51, 14, 13]",107866,8,196578,3,lib/tests/delimcc/reset-shift-k.zy,recursive
debug,0,967,True,"[184, 51, 14, 13]",82846,2,174158,3,lib/tests/delimcc/reset-shift-k.zy,original
debug,0,749,True,"[184, 51, 14, 13]",83474,2,153282,3,lib/tests/delimcc/reset-shift-k.zy,jobs
debug,0,551,True,"[184, 51, 14, 13]",108378,8,197090,3,lib/tests/delimcc/reset-shift-k.zy,explicit
debug,0,967,True,"[184, 51, 14, 13]",82846,2,174158,4,lib/tests/delimcc/reset-shift-k.zy,original
debug,0,749,True,"[184, 51, 14, 13]",83474,2,153282,4,lib/tests/delimcc/reset-shift-k.zy,jobs
debug,0,551,True,"[184, 51, 14, 13]",108378,8,197090,4,lib/tests/delimcc/reset-shift-k.zy,explicit
debug,0,550,True,"[184, 51, 14, 13]",107866,8,196578,4,lib/tests/delimcc/reset-shift-k.zy,recursive
debug,0,749,True,"[184, 51, 14, 13]",83474,2,153282,5,lib/tests/delimcc/reset-shift-k.zy,jobs
debug,0,551,True,"[184, 51, 14, 13]",108378,8,197090,5,lib/tests/delimcc/reset-shift-k.zy,explicit
debug,0,550,True,"[184, 51, 14, 13]",107866,8,196578,5,lib/tests/delimcc/reset-shift-k.zy,recursive
debug,0,967,True,"[184, 51, 14, 13]",82846,2,174158,5,lib/tests/delimcc/reset-shift-k.zy,original
debug,0,551,True,"[184, 51, 14, 13]",108378,8,197090,6,lib/tests/delimcc/reset-shift-k.zy,explicit
debug,0,550,True,"[184, 51, 14, 13]",107866,8,196578,6,lib/tests/delimcc/reset-shift-k.zy,recursive
debug,0,967,True,"[184, 51, 14, 13]",82846,2,174158,6,lib/tests/delimcc/reset-shift-k.zy,original
debug,0,749,True,"[184, 51, 14, 13]",83474,2,153282,6,lib/tests/delimcc/reset-shift-k.zy,jobs
debug,0,550,True,"[184, 51, 14, 13]",107866,8,196578,7,lib/tests/delimcc/reset-shift-k.zy,recursive
debug,0,967,True,"[184, 51, 14, 13]",82846,2,174158,7,lib/tests/delimcc/reset-shift-k.zy,original
debug,0,749,True,"[184, 51, 14, 13]",83474,2,153282,7,lib/tests/delimcc/reset-shift-k.zy,jobs
debug,0,551,True,"[184, 51, 14, 13]",108378,8,197090,7,lib/tests/delimcc/reset-shift-k.zy,explicit
debug,0,2315,False,"[439, 163, 16, 0]",238101,2,470294,0,lib/tests/core/gc-stress.zy,original
debug,0,1730,False,"[439, 163, 16, 0]",238799,2,415666,0,lib/tests/core/gc-stress.zy,jobs
debug,0,1263,False,"[439, 163, 16, 0]",337439,10,598699,0,lib/tests/core/gc-stress.zy,explicit
debug,0,1262,False,"[439, 163, 16, 0]",336927,10,598187,0,lib/tests/core/gc-stress.zy,recursive
debug,0,1730,False,"[439, 163, 16, 0]",238799,2,415666,1,lib/tests/core/gc-stress.zy,jobs
debug,0,1263,False,"[439, 163, 16, 0]",337439,10,598699,1,lib/tests/core/gc-stress.zy,explicit
debug,0,1262,False,"[439, 163, 16, 0]",336927,10,598187,1,lib/tests/core/gc-stress.zy,recursive
debug,0,2315,False,"[439, 163, 16, 0]",238101,2,470294,1,lib/tests/core/gc-stress.zy,original
debug,0,1263,False,"[439, 163, 16, 0]",337439,10,598699,2,lib/tests/core/gc-stress.zy,explicit
debug,0,1262,False,"[439, 163, 16, 0]",336927,10,598187,2,lib/tests/core/gc-stress.zy,recursive
debug,0,2315,False,"[439, 163, 16, 0]",238101,2,470294,2,lib/tests/core/gc-stress.zy,original
debug,0,1730,False,"[439, 163, 16, 0]",238799,2,415666,2,lib/tests/core/gc-stress.zy,jobs
debug,0,1262,False,"[439, 163, 16, 0]",336927,10,598187,3,lib/tests/core/gc-stress.zy,recursive
debug,0,2315,False,"[439, 163, 16, 0]",238101,2,470294,3,lib/tests/core/gc-stress.zy,original
debug,0,1730,False,"[439, 163, 16, 0]",238799,2,415666,3,lib/tests/core/gc-stress.zy,jobs
debug,0,1263,False,"[439, 163, 16, 0]",337439,10,598699,3,lib/tests/core/gc-stress.zy,explicit
debug,0,2315,False,"[439, 163, 16, 0]",238101,2,470294,4,lib/tests/core/gc-stress.zy,original
debug,0,1730,False,"[439, 163, 16, 0]",238799,2,415666,4,lib/tests/core/gc-stress.zy,jobs
debug,0,1263,False,"[439, 163, 16, 0]",337439,10,598699,4,lib/tests/core/gc-stress.zy,explicit
debug,0,1262,False,"[439, 163, 16, 0]",336927,10,598187,4,lib/tests/core/gc-stress.zy,recursive
debug,0,1730,False,"[439, 163, 16, 0]",238799,2,415666,5,lib/tests/core/gc-stress.zy,jobs
debug,0,1263,False,"[439, 163, 16, 0]",337439,10,598699,5,lib/tests/core/gc-stress.zy,explicit
debug,0,1262,False,"[439, 163, 16, 0]",336927,10,598187,5,lib/tests/core/gc-stress.zy,recursive
debug,0,2315,False,"[439, 163, 16, 0]",238101,2,470294,5,lib/tests/core/gc-stress.zy,original
debug,0,1263,False,"[439, 163, 16, 0]",337439,10,598699,6,lib/tests/core/gc-stress.zy,explicit
debug,0,1262,False,"[439, 163, 16, 0]",336927,10,598187,6,lib/tests/core/gc-stress.zy,recursive
debug,0,2315,False,"[439, 163, 16, 0]",238101,2,470294,6,lib/tests/core/gc-stress.zy,original
debug,0,1730,False,"[439, 163, 16, 0]",238799,2,415666,6,lib/tests/core/gc-stress.zy,jobs
debug,0,1262,False,"[439, 163, 16, 0]",336927,10,598187,7,lib/tests/core/gc-stress.zy,recursive
debug,0,2315,False,"[439, 163, 16, 0]",238101,2,470294,7,lib/tests/core/gc-stress.zy,original
debug,0,1730,False,"[439, 163, 16, 0]",238799,2,415666,7,lib/tests/core/gc-stress.zy,jobs
debug,0,1263,False,"[439, 163, 16, 0]",337439,10,598699,7,lib/tests/core/gc-stress.zy,explicit
debug,0,2233,True,"[422, 163, 16, 15]",237225,2,466095,0,lib/tests/core/gc-stress.zy,original
debug,0,1672,True,"[422, 163, 16, 15]",237923,2,413727,0,lib/tests/core/gc-stress.zy,jobs
debug,0,1231,True,"[422, 163, 16, 15]",287411,9,499288,0,lib/tests/core/gc-stress.zy,explicit
debug,0,1230,True,"[422, 163, 16, 15]",286899,9,498776,0,lib/tests/core/gc-stress.zy,recursive
debug,0,1672,True,"[422, 163, 16, 15]",237923,2,413727,1,lib/tests/core/gc-stress.zy,jobs
debug,0,1231,True,"[422, 163, 16, 15]",287411,9,499288,1,lib/tests/core/gc-stress.zy,explicit
debug,0,1230,True,"[422, 163, 16, 15]",286899,9,498776,1,lib/tests/core/gc-stress.zy,recursive
debug,0,2233,True,"[422, 163, 16, 15]",237225,2,466095,1,lib/tests/core/gc-stress.zy,original
debug,0,1231,True,"[422, 163, 16, 15]",287411,9,499288,2,lib/tests/core/gc-stress.zy,explicit
debug,0,1230,True,"[422, 163, 16, 15]",286899,9,498776,2,lib/tests/core/gc-stress.zy,recursive
debug,0,2233,True,"[422, 163, 16, 15]",237225,2,466095,2,lib/tests/core/gc-stress.zy,original
debug,0,1672,True,"[422, 163, 16, 15]",237923,2,413727,2,lib/tests/core/gc-stress.zy,jobs
debug,0,1230,True,"[422, 163, 16, 15]",286899,9,498776,3,lib/tests/core/gc-stress.zy,recursive
debug,0,2233,True,"[422, 163, 16, 15]",237225,2,466095,3,lib/tests/core/gc-stress.zy,original
debug,0,1672,True,"[422, 163, 16, 15]",237923,2,413727,3,lib/tests/core/gc-stress.zy,jobs
debug,0,1231,True,"[422, 163, 16, 15]",287411,9,499288,3,lib/tests/core/gc-stress.zy,explicit
debug,0,2233,True,"[422, 163, 16, 15]",237225,2,466095,4,lib/tests/core/gc-stress.zy,original
debug,0,1672,True,"[422, 163, 16, 15]",237923,2,413727,4,lib/tests/core/gc-stress.zy,jobs
debug,0,1231,True,"[422, 163, 16, 15]",287411,9,499288,4,lib/tests/core/gc-stress.zy,explicit
debug,0,1230,True,"[422, 163, 16, 15]",286899,9,498776,4,lib/tests/core/gc-stress.zy,recursive
debug,0,1672,True,"[422, 163, 16, 15]",237923,2,413727,5,lib/tests/core/gc-stress.zy,jobs
debug,0,1231,True,"[422, 163, 16, 15]",287411,9,499288,5,lib/tests/core/gc-stress.zy,explicit
debug,0,1230,True,"[422, 163, 16, 15]",286899,9,498776,5,lib/tests/core/gc-stress.zy,recursive
debug,0,2233,True,"[422, 163, 16, 15]",237225,2,466095,5,lib/tests/core/gc-stress.zy,original
debug,0,1231,True,"[422, 163, 16, 15]",287411,9,499288,6,lib/tests/core/gc-stress.zy,explicit
debug,0,1230,True,"[422, 163, 16, 15]",286899,9,498776,6,lib/tests/core/gc-stress.zy,recursive
debug,0,2233,True,"[422, 163, 16, 15]",237225,2,466095,6,lib/tests/core/gc-stress.zy,original
debug,0,1672,True,"[422, 163, 16, 15]",237923,2,413727,6,lib/tests/core/gc-stress.zy,jobs
debug,0,1230,True,"[422, 163, 16, 15]",286899,9,498776,7,lib/tests/core/gc-stress.zy,recursive
debug,0,2233,True,"[422, 163, 16, 15]",237225,2,466095,7,lib/tests/core/gc-stress.zy,original
debug,0,1672,True,"[422, 163, 16, 15]",237923,2,413727,7,lib/tests/core/gc-stress.zy,jobs
debug,0,1231,True,"[422, 163, 16, 15]",287411,9,499288,7,lib/tests/core/gc-stress.zy,explicit
release,0,1434,False,"[276, 90, 14, 0]",174204,2,331470,0,lib/tests/core/fact.zy,original
release,0,1083,False,"[276, 90, 14, 0]",174308,2,298326,0,lib/tests/core/fact.zy,jobs
release,0,782,False,"[276, 90, 14, 0]",223756,9,388315,0,lib/tests/core/fact.zy,explicit
release,0,781,False,"[276, 90, 14, 0]",223244,9,387803,0,lib/tests/core/fact.zy,recursive
release,0,1083,False,"[276, 90, 14, 0]",174308,2,298326,1,lib/tests/core/fact.zy,jobs
release,0,782,False,"[276, 90, 14, 0]",223756,9,388315,1,lib/tests/core/fact.zy,explicit
release,0,781,False,"[276, 90, 14, 0]",223244,9,387803,1,lib/tests/core/fact.zy,recursive
release,0,1434,False,"[276, 90, 14, 0]",174204,2,331470,1,lib/tests/core/fact.zy,original
release,0,782,False,"[276, 90, 14, 0]",223756,9,388315,2,lib/tests/core/fact.zy,explicit
release,0,781,False,"[276, 90, 14, 0]",223244,9,387803,2,lib/tests/core/fact.zy,recursive
release,0,1434,False,"[276, 90, 14, 0]",174204,2,331470,2,lib/tests/core/fact.zy,original
release,0,1083,False,"[276, 90, 14, 0]",174308,2,298326,2,lib/tests/core/fact.zy,jobs
release,0,781,False,"[276, 90, 14, 0]",223244,9,387803,3,lib/tests/core/fact.zy,recursive
release,0,1434,False,"[276, 90, 14, 0]",174204,2,331470,3,lib/tests/core/fact.zy,original
release,0,1083,False,"[276, 90, 14, 0]",174308,2,298326,3,lib/tests/core/fact.zy,jobs
release,0,782,False,"[276, 90, 14, 0]",223756,9,388315,3,lib/tests/core/fact.zy,explicit
release,0,1434,False,"[276, 90, 14, 0]",174204,2,331470,4,lib/tests/core/fact.zy,original
release,0,1083,False,"[276, 90, 14, 0]",174308,2,298326,4,lib/tests/core/fact.zy,jobs
release,0,782,False,"[276, 90, 14, 0]",223756,9,388315,4,lib/tests/core/fact.zy,explicit
release,0,781,False,"[276, 90, 14, 0]",223244,9,387803,4,lib/tests/core/fact.zy,recursive
release,0,1083,False,"[276, 90, 14, 0]",174308,2,298326,5,lib/tests/core/fact.zy,jobs
release,0,782,False,"[276, 90, 14, 0]",223756,9,388315,5,lib/tests/core/fact.zy,explicit
release,0,781,False,"[276, 90, 14, 0]",223244,9,387803,5,lib/tests/core/fact.zy,recursive
release,0,1434,False,"[276, 90, 14, 0]",174204,2,331470,5,lib/tests/core/fact.zy,original
release,0,782,False,"[276, 90, 14, 0]",223756,9,388315,6,lib/tests/core/fact.zy,explicit
release,0,781,False,"[276, 90, 14, 0]",223244,9,387803,6,lib/tests/core/fact.zy,recursive
release,0,1434,False,"[276, 90, 14, 0]",174204,2,331470,6,lib/tests/core/fact.zy,original
release,0,1083,False,"[276, 90, 14, 0]",174308,2,298326,6,lib/tests/core/fact.zy,jobs
release,0,781,False,"[276, 90, 14, 0]",223244,9,387803,7,lib/tests/core/fact.zy,recursive
release,0,1434,False,"[276, 90, 14, 0]",174204,2,331470,7,lib/tests/core/fact.zy,original
release,0,1083,False,"[276, 90, 14, 0]",174308,2,298326,7,lib/tests/core/fact.zy,jobs
release,0,782,False,"[276, 90, 14, 0]",223756,9,388315,7,lib/tests/core/fact.zy,explicit
release,0,1377,True,"[265, 89, 14, 13]",175129,2,329606,0,lib/tests/core/fact.zy,original
release,0,1042,True,"[265, 89, 14, 13]",175489,2,297930,0,lib/tests/core/fact.zy,jobs
release,0,760,True,"[265, 89, 14, 13]",225001,9,388527,0,lib/tests/core/fact.zy,explicit
release,0,759,True,"[265, 89, 14, 13]",224489,9,388015,0,lib/tests/core/fact.zy,recursive
release,0,1042,True,"[265, 89, 14, 13]",175489,2,297930,1,lib/tests/core/fact.zy,jobs
release,0,760,True,"[265, 89, 14, 13]",225001,9,388527,1,lib/tests/core/fact.zy,explicit
release,0,759,True,"[265, 89, 14, 13]",224489,9,388015,1,lib/tests/core/fact.zy,recursive
release,0,1377,True,"[265, 89, 14, 13]",175129,2,329606,1,lib/tests/core/fact.zy,original
release,0,760,True,"[265, 89, 14, 13]",225001,9,388527,2,lib/tests/core/fact.zy,explicit
release,0,759,True,"[265, 89, 14, 13]",224489,9,388015,2,lib/tests/core/fact.zy,recursive
release,0,1377,True,"[265, 89, 14, 13]",175129,2,329606,2,lib/tests/core/fact.zy,original
release,0,1042,True,"[265, 89, 14, 13]",175489,2,297930,2,lib/tests/core/fact.zy,jobs
release,0,759,True,"[265, 89, 14, 13]",224489,9,388015,3,lib/tests/core/fact.zy,recursive
release,0,1377,True,"[265, 89, 14, 13]",175129,2,329606,3,lib/tests/core/fact.zy,original
release,0,1042,True,"[265, 89, 14, 13]",175489,2,297930,3,lib/tests/core/fact.zy,jobs
release,0,760,True,"[265, 89, 14, 13]",225001,9,388527,3,lib/tests/core/fact.zy,explicit
release,0,1377,True,"[265, 89, 14, 13]",175129,2,329606,4,lib/tests/core/fact.zy,original
release,0,1042,True,"[265, 89, 14, 13]",175489,2,297930,4,lib/tests/core/fact.zy,jobs
release,0,760,True,"[265, 89, 14, 13]",225001,9,388527,4,lib/tests/core/fact.zy,explicit
release,0,759,True,"[265, 89, 14, 13]",224489,9,388015,4,lib/tests/core/fact.zy,recursive
release,0,1042,True,"[265, 89, 14, 13]",175489,2,297930,5,lib/tests/core/fact.zy,jobs
release,0,760,True,"[265, 89, 14, 13]",225001,9,388527,5,lib/tests/core/fact.zy,explicit
release,0,759,True,"[265, 89, 14, 13]",224489,9,388015,5,lib/tests/core/fact.zy,recursive
release,0,1377,True,"[265, 89, 14, 13]",175129,2,329606,5,lib/tests/core/fact.zy,original
release,0,760,True,"[265, 89, 14, 13]",225001,9,388527,6,lib/tests/core/fact.zy,explicit
release,0,759,True,"[265, 89, 14, 13]",224489,9,388015,6,lib/tests/core/fact.zy,recursive
release,0,1377,True,"[265, 89, 14, 13]",175129,2,329606,6,lib/tests/core/fact.zy,original
release,0,1042,True,"[265, 89, 14, 13]",175489,2,297930,6,lib/tests/core/fact.zy,jobs
release,0,759,True,"[265, 89, 14, 13]",224489,9,388015,7,lib/tests/core/fact.zy,recursive
release,0,1377,True,"[265, 89, 14, 13]",175129,2,329606,7,lib/tests/core/fact.zy,original
release,0,1042,True,"[265, 89, 14, 13]",175489,2,297930,7,lib/tests/core/fact.zy,jobs
release,0,760,True,"[265, 89, 14, 13]",225001,9,388527,7,lib/tests/core/fact.zy,explicit
release,0,12,False,"[2, 0, 0, 0]",1416,0,1532,0,lib/tests/core/pattern-alias.zy,original
release,0,11,False,"[2, 0, 0, 0]",1736,0,1852,0,lib/tests/core/pattern-alias.zy,jobs
release,0,11,False,"[2, 0, 0, 0]",2568,0,2572,0,lib/tests/core/pattern-alias.zy,explicit
release,0,10,False,"[2, 0, 0, 0]",2056,0,2060,0,lib/tests/core/pattern-alias.zy,recursive
release,0,11,False,"[2, 0, 0, 0]",1736,0,1852,1,lib/tests/core/pattern-alias.zy,jobs
release,0,11,False,"[2, 0, 0, 0]",2568,0,2572,1,lib/tests/core/pattern-alias.zy,explicit
release,0,10,False,"[2, 0, 0, 0]",2056,0,2060,1,lib/tests/core/pattern-alias.zy,recursive
release,0,12,False,"[2, 0, 0, 0]",1416,0,1532,1,lib/tests/core/pattern-alias.zy,original
release,0,11,False,"[2, 0, 0, 0]",2568,0,2572,2,lib/tests/core/pattern-alias.zy,explicit
release,0,10,False,"[2, 0, 0, 0]",2056,0,2060,2,lib/tests/core/pattern-alias.zy,recursive
release,0,12,False,"[2, 0, 0, 0]",1416,0,1532,2,lib/tests/core/pattern-alias.zy,original
release,0,11,False,"[2, 0, 0, 0]",1736,0,1852,2,lib/tests/core/pattern-alias.zy,jobs
release,0,10,False,"[2, 0, 0, 0]",2056,0,2060,3,lib/tests/core/pattern-alias.zy,recursive
release,0,12,False,"[2, 0, 0, 0]",1416,0,1532,3,lib/tests/core/pattern-alias.zy,original
release,0,11,False,"[2, 0, 0, 0]",1736,0,1852,3,lib/tests/core/pattern-alias.zy,jobs
release,0,11,False,"[2, 0, 0, 0]",2568,0,2572,3,lib/tests/core/pattern-alias.zy,explicit
release,0,12,False,"[2, 0, 0, 0]",1416,0,1532,4,lib/tests/core/pattern-alias.zy,original
release,0,11,False,"[2, 0, 0, 0]",1736,0,1852,4,lib/tests/core/pattern-alias.zy,jobs
release,0,11,False,"[2, 0, 0, 0]",2568,0,2572,4,lib/tests/core/pattern-alias.zy,explicit
release,0,10,False,"[2, 0, 0, 0]",2056,0,2060,4,lib/tests/core/pattern-alias.zy,recursive
release,0,11,False,"[2, 0, 0, 0]",1736,0,1852,5,lib/tests/core/pattern-alias.zy,jobs
release,0,11,False,"[2, 0, 0, 0]",2568,0,2572,5,lib/tests/core/pattern-alias.zy,explicit
release,0,10,False,"[2, 0, 0, 0]",2056,0,2060,5,lib/tests/core/pattern-alias.zy,recursive
release,0,12,False,"[2, 0, 0, 0]",1416,0,1532,5,lib/tests/core/pattern-alias.zy,original
release,0,11,False,"[2, 0, 0, 0]",2568,0,2572,6,lib/tests/core/pattern-alias.zy,explicit
release,0,10,False,"[2, 0, 0, 0]",2056,0,2060,6,lib/tests/core/pattern-alias.zy,recursive
release,0,12,False,"[2, 0, 0, 0]",1416,0,1532,6,lib/tests/core/pattern-alias.zy,original
release,0,11,False,"[2, 0, 0, 0]",1736,0,1852,6,lib/tests/core/pattern-alias.zy,jobs
release,0,10,False,"[2, 0, 0, 0]",2056,0,2060,7,lib/tests/core/pattern-alias.zy,recursive
release,0,12,False,"[2, 0, 0, 0]",1416,0,1532,7,lib/tests/core/pattern-alias.zy,original
release,0,11,False,"[2, 0, 0, 0]",1736,0,1852,7,lib/tests/core/pattern-alias.zy,jobs
release,0,11,False,"[2, 0, 0, 0]",2568,0,2572,7,lib/tests/core/pattern-alias.zy,explicit
release,0,13,True,"[2, 0, 0, 1]",1824,0,1940,0,lib/tests/core/pattern-alias.zy,original
release,0,12,True,"[2, 0, 0, 1]",2144,0,2260,0,lib/tests/core/pattern-alias.zy,jobs
release,0,12,True,"[2, 0, 0, 1]",2976,0,2980,0,lib/tests/core/pattern-alias.zy,explicit
release,0,11,True,"[2, 0, 0, 1]",2464,0,2468,0,lib/tests/core/pattern-alias.zy,recursive
release,0,12,True,"[2, 0, 0, 1]",2144,0,2260,1,lib/tests/core/pattern-alias.zy,jobs
release,0,12,True,"[2, 0, 0, 1]",2976,0,2980,1,lib/tests/core/pattern-alias.zy,explicit
release,0,11,True,"[2, 0, 0, 1]",2464,0,2468,1,lib/tests/core/pattern-alias.zy,recursive
release,0,13,True,"[2, 0, 0, 1]",1824,0,1940,1,lib/tests/core/pattern-alias.zy,original
release,0,12,True,"[2, 0, 0, 1]",2976,0,2980,2,lib/tests/core/pattern-alias.zy,explicit
release,0,11,True,"[2, 0, 0, 1]",2464,0,2468,2,lib/tests/core/pattern-alias.zy,recursive
release,0,13,True,"[2, 0, 0, 1]",1824,0,1940,2,lib/tests/core/pattern-alias.zy,original
release,0,12,True,"[2, 0, 0, 1]",2144,0,2260,2,lib/tests/core/pattern-alias.zy,jobs
release,0,11,True,"[2, 0, 0, 1]",2464,0,2468,3,lib/tests/core/pattern-alias.zy,recursive
release,0,13,True,"[2, 0, 0, 1]",1824,0,1940,3,lib/tests/core/pattern-alias.zy,original
release,0,12,True,"[2, 0, 0, 1]",2144,0,2260,3,lib/tests/core/pattern-alias.zy,jobs
release,0,12,True,"[2, 0, 0, 1]",2976,0,2980,3,lib/tests/core/pattern-alias.zy,explicit
release,0,13,True,"[2, 0, 0, 1]",1824,0,1940,4,lib/tests/core/pattern-alias.zy,original
release,0,12,True,"[2, 0, 0, 1]",2144,0,2260,4,lib/tests/core/pattern-alias.zy,jobs
release,0,12,True,"[2, 0, 0, 1]",2976,0,2980,4,lib/tests/core/pattern-alias.zy,explicit
release,0,11,True,"[2, 0, 0, 1]",2464,0,2468,4,lib/tests/core/pattern-alias.zy,recursive
release,0,12,True,"[2, 0, 0, 1]",2144,0,2260,5,lib/tests/core/pattern-alias.zy,jobs
release,0,12,True,"[2, 0, 0, 1]",2976,0,2980,5,lib/tests/core/pattern-alias.zy,explicit
release,0,11,True,"[2, 0, 0, 1]",2464,0,2468,5,lib/tests/core/pattern-alias.zy,recursive
release,0,13,True,"[2, 0, 0, 1]",1824,0,1940,5,lib/tests/core/pattern-alias.zy,original
release,0,12,True,"[2, 0, 0, 1]",2976,0,2980,6,lib/tests/core/pattern-alias.zy,explicit
release,0,11,True,"[2, 0, 0, 1]",2464,0,2468,6,lib/tests/core/pattern-alias.zy,recursive
release,0,13,True,"[2, 0, 0, 1]",1824,0,1940,6,lib/tests/core/pattern-alias.zy,original
release,0,12,True,"[2, 0, 0, 1]",2144,0,2260,6,lib/tests/core/pattern-alias.zy,jobs
release,0,11,True,"[2, 0, 0, 1]",2464,0,2468,7,lib/tests/core/pattern-alias.zy,recursive
release,0,13,True,"[2, 0, 0, 1]",1824,0,1940,7,lib/tests/core/pattern-alias.zy,original
release,0,12,True,"[2, 0, 0, 1]",2144,0,2260,7,lib/tests/core/pattern-alias.zy,jobs
release,0,12,True,"[2, 0, 0, 1]",2976,0,2980,7,lib/tests/core/pattern-alias.zy,explicit
release,0,534,False,"[104, 26, 8, 0]",42070,1,89192,0,lib/tests/core/native-frames.zy,original
release,0,413,False,"[104, 26, 8, 0]",42390,1,77168,0,lib/tests/core/native-frames.zy,jobs
release,0,300,False,"[104, 26, 8, 0]",67378,7,123264,0,lib/tests/core/native-frames.zy,explicit
release,0,299,False,"[104, 26, 8, 0]",66866,7,122752,0,lib/tests/core/native-frames.zy,recursive
release,0,413,False,"[104, 26, 8, 0]",42390,1,77168,1,lib/tests/core/native-frames.zy,jobs
release,0,300,False,"[104, 26, 8, 0]",67378,7,123264,1,lib/tests/core/native-frames.zy,explicit
release,0,299,False,"[104, 26, 8, 0]",66866,7,122752,1,lib/tests/core/native-frames.zy,recursive
release,0,534,False,"[104, 26, 8, 0]",42070,1,89192,1,lib/tests/core/native-frames.zy,original
release,0,300,False,"[104, 26, 8, 0]",67378,7,123264,2,lib/tests/core/native-frames.zy,explicit
release,0,299,False,"[104, 26, 8, 0]",66866,7,122752,2,lib/tests/core/native-frames.zy,recursive
release,0,534,False,"[104, 26, 8, 0]",42070,1,89192,2,lib/tests/core/native-frames.zy,original
release,0,413,False,"[104, 26, 8, 0]",42390,1,77168,2,lib/tests/core/native-frames.zy,jobs
release,0,299,False,"[104, 26, 8, 0]",66866,7,122752,3,lib/tests/core/native-frames.zy,recursive
release,0,534,False,"[104, 26, 8, 0]",42070,1,89192,3,lib/tests/core/native-frames.zy,original
release,0,413,False,"[104, 26, 8, 0]",42390,1,77168,3,lib/tests/core/native-frames.zy,jobs
release,0,300,False,"[104, 26, 8, 0]",67378,7,123264,3,lib/tests/core/native-frames.zy,explicit
release,0,534,False,"[104, 26, 8, 0]",42070,1,89192,4,lib/tests/core/native-frames.zy,original
release,0,413,False,"[104, 26, 8, 0]",42390,1,77168,4,lib/tests/core/native-frames.zy,jobs
release,0,300,False,"[104, 26, 8, 0]",67378,7,123264,4,lib/tests/core/native-frames.zy,explicit
release,0,299,False,"[104, 26, 8, 0]",66866,7,122752,4,lib/tests/core/native-frames.zy,recursive
release,0,413,False,"[104, 26, 8, 0]",42390,1,77168,5,lib/tests/core/native-frames.zy,jobs
release,0,300,False,"[104, 26, 8, 0]",67378,7,123264,5,lib/tests/core/native-frames.zy,explicit
release,0,299,False,"[104, 26, 8, 0]",66866,7,122752,5,lib/tests/core/native-frames.zy,recursive
release,0,534,False,"[104, 26, 8, 0]",42070,1,89192,5,lib/tests/core/native-frames.zy,original
release,0,300,False,"[104, 26, 8, 0]",67378,7,123264,6,lib/tests/core/native-frames.zy,explicit
release,0,299,False,"[104, 26, 8, 0]",66866,7,122752,6,lib/tests/core/native-frames.zy,recursive
release,0,534,False,"[104, 26, 8, 0]",42070,1,89192,6,lib/tests/core/native-frames.zy,original
release,0,413,False,"[104, 26, 8, 0]",42390,1,77168,6,lib/tests/core/native-frames.zy,jobs
release,0,299,False,"[104, 26, 8, 0]",66866,7,122752,7,lib/tests/core/native-frames.zy,recursive
release,0,534,False,"[104, 26, 8, 0]",42070,1,89192,7,lib/tests/core/native-frames.zy,original
release,0,413,False,"[104, 26, 8, 0]",42390,1,77168,7,lib/tests/core/native-frames.zy,jobs
release,0,300,False,"[104, 26, 8, 0]",67378,7,123264,7,lib/tests/core/native-frames.zy,explicit
release,0,495,True,"[97, 25, 8, 9]",41949,1,87560,0,lib/tests/core/native-frames.zy,original
release,0,384,True,"[97, 25, 8, 9]",42269,1,76468,0,lib/tests/core/native-frames.zy,jobs
release,0,286,True,"[97, 25, 8, 9]",54969,6,98468,0,lib/tests/core/native-frames.zy,explicit
release,0,285,True,"[97, 25, 8, 9]",54457,6,97956,0,lib/tests/core/native-frames.zy,recursive
release,0,384,True,"[97, 25, 8, 9]",42269,1,76468,1,lib/tests/core/native-frames.zy,jobs
release,0,286,True,"[97, 25, 8, 9]",54969,6,98468,1,lib/tests/core/native-frames.zy,explicit
release,0,285,True,"[97, 25, 8, 9]",54457,6,97956,1,lib/tests/core/native-frames.zy,recursive
release,0,495,True,"[97, 25, 8, 9]",41949,1,87560,1,lib/tests/core/native-frames.zy,original
release,0,286,True,"[97, 25, 8, 9]",54969,6,98468,2,lib/tests/core/native-frames.zy,explicit
release,0,285,True,"[97, 25, 8, 9]",54457,6,97956,2,lib/tests/core/native-frames.zy,recursive
release,0,495,True,"[97, 25, 8, 9]",41949,1,87560,2,lib/tests/core/native-frames.zy,original
release,0,384,True,"[97, 25, 8, 9]",42269,1,76468,2,lib/tests/core/native-frames.zy,jobs
release,0,285,True,"[97, 25, 8, 9]",54457,6,97956,3,lib/tests/core/native-frames.zy,recursive
release,0,495,True,"[97, 25, 8, 9]",41949,1,87560,3,lib/tests/core/native-frames.zy,original
release,0,384,True,"[97, 25, 8, 9]",42269,1,76468,3,lib/tests/core/native-frames.zy,jobs
release,0,286,True,"[97, 25, 8, 9]",54969,6,98468,3,lib/tests/core/native-frames.zy,explicit
release,0,495,True,"[97, 25, 8, 9]",41949,1,87560,4,lib/tests/core/native-frames.zy,original
release,0,384,True,"[97, 25, 8, 9]",42269,1,76468,4,lib/tests/core/native-frames.zy,jobs
release,0,286,True,"[97, 25, 8, 9]",54969,6,98468,4,lib/tests/core/native-frames.zy,explicit
release,0,285,True,"[97, 25, 8, 9]",54457,6,97956,4,lib/tests/core/native-frames.zy,recursive
release,0,384,True,"[97, 25, 8, 9]",42269,1,76468,5,lib/tests/core/native-frames.zy,jobs
release,0,286,True,"[97, 25, 8, 9]",54969,6,98468,5,lib/tests/core/native-frames.zy,explicit
release,0,285,True,"[97, 25, 8, 9]",54457,6,97956,5,lib/tests/core/native-frames.zy,recursive
release,0,495,True,"[97, 25, 8, 9]",41949,1,87560,5,lib/tests/core/native-frames.zy,original
release,0,286,True,"[97, 25, 8, 9]",54969,6,98468,6,lib/tests/core/native-frames.zy,explicit
release,0,285,True,"[97, 25, 8, 9]",54457,6,97956,6,lib/tests/core/native-frames.zy,recursive
release,0,495,True,"[97, 25, 8, 9]",41949,1,87560,6,lib/tests/core/native-frames.zy,original
release,0,384,True,"[97, 25, 8, 9]",42269,1,76468,6,lib/tests/core/native-frames.zy,jobs
release,0,285,True,"[97, 25, 8, 9]",54457,6,97956,7,lib/tests/core/native-frames.zy,recursive
release,0,495,True,"[97, 25, 8, 9]",41949,1,87560,7,lib/tests/core/native-frames.zy,original
release,0,384,True,"[97, 25, 8, 9]",42269,1,76468,7,lib/tests/core/native-frames.zy,jobs
release,0,286,True,"[97, 25, 8, 9]",54969,6,98468,7,lib/tests/core/native-frames.zy,explicit
release,0,527,False,"[93, 26, 7, 0]",42506,2,89288,0,lib/tests/builtin/host-return.zy,original
release,0,416,False,"[93, 26, 7, 0]",42826,2,78544,0,lib/tests/builtin/host-return.zy,jobs
release,0,306,False,"[93, 26, 7, 0]",55538,7,99608,0,lib/tests/builtin/host-return.zy,explicit
release,0,305,False,"[93, 26, 7, 0]",55026,7,99096,0,lib/tests/builtin/host-return.zy,recursive
release,0,416,False,"[93, 26, 7, 0]",42826,2,78544,1,lib/tests/builtin/host-return.zy,jobs
release,0,306,False,"[93, 26, 7, 0]",55538,7,99608,1,lib/tests/builtin/host-return.zy,explicit
release,0,305,False,"[93, 26, 7, 0]",55026,7,99096,1,lib/tests/builtin/host-return.zy,recursive
release,0,527,False,"[93, 26, 7, 0]",42506,2,89288,1,lib/tests/builtin/host-return.zy,original
release,0,306,False,"[93, 26, 7, 0]",55538,7,99608,2,lib/tests/builtin/host-return.zy,explicit
release,0,305,False,"[93, 26, 7, 0]",55026,7,99096,2,lib/tests/builtin/host-return.zy,recursive
release,0,527,False,"[93, 26, 7, 0]",42506,2,89288,2,lib/tests/builtin/host-return.zy,original
release,0,416,False,"[93, 26, 7, 0]",42826,2,78544,2,lib/tests/builtin/host-return.zy,jobs
release,0,305,False,"[93, 26, 7, 0]",55026,7,99096,3,lib/tests/builtin/host-return.zy,recursive
release,0,527,False,"[93, 26, 7, 0]",42506,2,89288,3,lib/tests/builtin/host-return.zy,original
release,0,416,False,"[93, 26, 7, 0]",42826,2,78544,3,lib/tests/builtin/host-return.zy,jobs
release,0,306,False,"[93, 26, 7, 0]",55538,7,99608,3,lib/tests/builtin/host-return.zy,explicit
release,0,527,False,"[93, 26, 7, 0]",42506,2,89288,4,lib/tests/builtin/host-return.zy,original
release,0,416,False,"[93, 26, 7, 0]",42826,2,78544,4,lib/tests/builtin/host-return.zy,jobs
release,0,306,False,"[93, 26, 7, 0]",55538,7,99608,4,lib/tests/builtin/host-return.zy,explicit
release,0,305,False,"[93, 26, 7, 0]",55026,7,99096,4,lib/tests/builtin/host-return.zy,recursive
release,0,416,False,"[93, 26, 7, 0]",42826,2,78544,5,lib/tests/builtin/host-return.zy,jobs
release,0,306,False,"[93, 26, 7, 0]",55538,7,99608,5,lib/tests/builtin/host-return.zy,explicit
release,0,305,False,"[93, 26, 7, 0]",55026,7,99096,5,lib/tests/builtin/host-return.zy,recursive
release,0,527,False,"[93, 26, 7, 0]",42506,2,89288,5,lib/tests/builtin/host-return.zy,original
release,0,306,False,"[93, 26, 7, 0]",55538,7,99608,6,lib/tests/builtin/host-return.zy,explicit
release,0,305,False,"[93, 26, 7, 0]",55026,7,99096,6,lib/tests/builtin/host-return.zy,recursive
release,0,527,False,"[93, 26, 7, 0]",42506,2,89288,6,lib/tests/builtin/host-return.zy,original
release,0,416,False,"[93, 26, 7, 0]",42826,2,78544,6,lib/tests/builtin/host-return.zy,jobs
release,0,305,False,"[93, 26, 7, 0]",55026,7,99096,7,lib/tests/builtin/host-return.zy,recursive
release,0,527,False,"[93, 26, 7, 0]",42506,2,89288,7,lib/tests/builtin/host-return.zy,original
release,0,416,False,"[93, 26, 7, 0]",42826,2,78544,7,lib/tests/builtin/host-return.zy,jobs
release,0,306,False,"[93, 26, 7, 0]",55538,7,99608,7,lib/tests/builtin/host-return.zy,explicit
release,0,383,True,"[66, 24, 7, 8]",45128,2,82363,0,lib/tests/builtin/host-return.zy,original
release,0,311,True,"[66, 24, 7, 8]",45320,2,75219,0,lib/tests/builtin/host-return.zy,jobs
release,0,247,True,"[66, 24, 7, 8]",57976,7,97755,0,lib/tests/builtin/host-return.zy,explicit
release,0,246,True,"[66, 24, 7, 8]",57464,7,97243,0,lib/tests/builtin/host-return.zy,recursive
release,0,311,True,"[66, 24, 7, 8]",45320,2,75219,1,lib/tests/builtin/host-return.zy,jobs
release,0,247,True,"[66, 24, 7, 8]",57976,7,97755,1,lib/tests/builtin/host-return.zy,explicit
release,0,246,True,"[66, 24, 7, 8]",57464,7,97243,1,lib/tests/builtin/host-return.zy,recursive
release,0,383,True,"[66, 24, 7, 8]",45128,2,82363,1,lib/tests/builtin/host-return.zy,original
release,0,247,True,"[66, 24, 7, 8]",57976,7,97755,2,lib/tests/builtin/host-return.zy,explicit
release,0,246,True,"[66, 24, 7, 8]",57464,7,97243,2,lib/tests/builtin/host-return.zy,recursive
release,0,383,True,"[66, 24, 7, 8]",45128,2,82363,2,lib/tests/builtin/host-return.zy,original
release,0,311,True,"[66, 24, 7, 8]",45320,2,75219,2,lib/tests/builtin/host-return.zy,jobs
release,0,246,True,"[66, 24, 7, 8]",57464,7,97243,3,lib/tests/builtin/host-return.zy,recursive
release,0,383,True,"[66, 24, 7, 8]",45128,2,82363,3,lib/tests/builtin/host-return.zy,original
release,0,311,True,"[66, 24, 7, 8]",45320,2,75219,3,lib/tests/builtin/host-return.zy,jobs
release,0,247,True,"[66, 24, 7, 8]",57976,7,97755,3,lib/tests/builtin/host-return.zy,explicit
release,0,383,True,"[66, 24, 7, 8]",45128,2,82363,4,lib/tests/builtin/host-return.zy,original
release,0,311,True,"[66, 24, 7, 8]",45320,2,75219,4,lib/tests/builtin/host-return.zy,jobs
release,0,247,True,"[66, 24, 7, 8]",57976,7,97755,4,lib/tests/builtin/host-return.zy,explicit
release,0,246,True,"[66, 24, 7, 8]",57464,7,97243,4,lib/tests/builtin/host-return.zy,recursive
release,0,311,True,"[66, 24, 7, 8]",45320,2,75219,5,lib/tests/builtin/host-return.zy,jobs
release,0,247,True,"[66, 24, 7, 8]",57976,7,97755,5,lib/tests/builtin/host-return.zy,explicit
release,0,246,True,"[66, 24, 7, 8]",57464,7,97243,5,lib/tests/builtin/host-return.zy,recursive
release,0,383,True,"[66, 24, 7, 8]",45128,2,82363,5,lib/tests/builtin/host-return.zy,original
release,0,247,True,"[66, 24, 7, 8]",57976,7,97755,6,lib/tests/builtin/host-return.zy,explicit
release,0,246,True,"[66, 24, 7, 8]",57464,7,97243,6,lib/tests/builtin/host-return.zy,recursive
release,0,383,True,"[66, 24, 7, 8]",45128,2,82363,6,lib/tests/builtin/host-return.zy,original
release,0,311,True,"[66, 24, 7, 8]",45320,2,75219,6,lib/tests/builtin/host-return.zy,jobs
release,0,246,True,"[66, 24, 7, 8]",57464,7,97243,7,lib/tests/builtin/host-return.zy,recursive
release,0,383,True,"[66, 24, 7, 8]",45128,2,82363,7,lib/tests/builtin/host-return.zy,original
release,0,311,True,"[66, 24, 7, 8]",45320,2,75219,7,lib/tests/builtin/host-return.zy,jobs
release,0,247,True,"[66, 24, 7, 8]",57976,7,97755,7,lib/tests/builtin/host-return.zy,explicit
release,0,2776,False,"[525, 160, 38, 0]",332949,7,634634,0,lib/tests/builtin/host-runtime.zy,original
release,0,2130,False,"[525, 160, 38, 0]",333461,7,571850,0,lib/tests/builtin/host-runtime.zy,jobs
release,0,1516,False,"[525, 160, 38, 0]",431901,15,749366,0,lib/tests/builtin/host-runtime.zy,explicit
release,0,1515,False,"[525, 160, 38, 0]",431389,15,748854,0,lib/tests/builtin/host-runtime.zy,recursive
release,0,2130,False,"[525, 160, 38, 0]",333461,7,571850,1,lib/tests/builtin/host-runtime.zy,jobs
release,0,1516,False,"[525, 160, 38, 0]",431901,15,749366,1,lib/tests/builtin/host-runtime.zy,explicit
release,0,1515,False,"[525, 160, 38, 0]",431389,15,748854,1,lib/tests/builtin/host-runtime.zy,recursive
release,0,2776,False,"[525, 160, 38, 0]",332949,7,634634,1,lib/tests/builtin/host-runtime.zy,original
release,0,1516,False,"[525, 160, 38, 0]",431901,15,749366,2,lib/tests/builtin/host-runtime.zy,explicit
release,0,1515,False,"[525, 160, 38, 0]",431389,15,748854,2,lib/tests/builtin/host-runtime.zy,recursive
release,0,2776,False,"[525, 160, 38, 0]",332949,7,634634,2,lib/tests/builtin/host-runtime.zy,original
release,0,2130,False,"[525, 160, 38, 0]",333461,7,571850,2,lib/tests/builtin/host-runtime.zy,jobs
release,0,1515,False,"[525, 160, 38, 0]",431389,15,748854,3,lib/tests/builtin/host-runtime.zy,recursive
release,0,2776,False,"[525, 160, 38, 0]",332949,7,634634,3,lib/tests/builtin/host-runtime.zy,original
release,0,2130,False,"[525, 160, 38, 0]",333461,7,571850,3,lib/tests/builtin/host-runtime.zy,jobs
release,0,1516,False,"[525, 160, 38, 0]",431901,15,749366,3,lib/tests/builtin/host-runtime.zy,explicit
release,0,2776,False,"[525, 160, 38, 0]",332949,7,634634,4,lib/tests/builtin/host-runtime.zy,original
release,0,2130,False,"[525, 160, 38, 0]",333461,7,571850,4,lib/tests/builtin/host-runtime.zy,jobs
release,0,1516,False,"[525, 160, 38, 0]",431901,15,749366,4,lib/tests/builtin/host-runtime.zy,explicit
release,0,1515,False,"[525, 160, 38, 0]",431389,15,748854,4,lib/tests/builtin/host-runtime.zy,recursive
release,0,2130,False,"[525, 160, 38, 0]",333461,7,571850,5,lib/tests/builtin/host-runtime.zy,jobs
release,0,1516,False,"[525, 160, 38, 0]",431901,15,749366,5,lib/tests/builtin/host-runtime.zy,explicit
release,0,1515,False,"[525, 160, 38, 0]",431389,15,748854,5,lib/tests/builtin/host-runtime.zy,recursive
release,0,2776,False,"[525, 160, 38, 0]",332949,7,634634,5,lib/tests/builtin/host-runtime.zy,original
release,0,1516,False,"[525, 160, 38, 0]",431901,15,749366,6,lib/tests/builtin/host-runtime.zy,explicit
release,0,1515,False,"[525, 160, 38, 0]",431389,15,748854,6,lib/tests/builtin/host-runtime.zy,recursive
release,0,2776,False,"[525, 160, 38, 0]",332949,7,634634,6,lib/tests/builtin/host-runtime.zy,original
release,0,2130,False,"[525, 160, 38, 0]",333461,7,571850,6,lib/tests/builtin/host-runtime.zy,jobs
release,0,1515,False,"[525, 160, 38, 0]",431389,15,748854,7,lib/tests/builtin/host-runtime.zy,recursive
release,0,2776,False,"[525, 160, 38, 0]",332949,7,634634,7,lib/tests/builtin/host-runtime.zy,original
release,0,2130,False,"[525, 160, 38, 0]",333461,7,571850,7,lib/tests/builtin/host-runtime.zy,jobs
release,0,1516,False,"[525, 160, 38, 0]",431901,15,749366,7,lib/tests/builtin/host-runtime.zy,explicit
release,0,2069,True,"[383, 160, 38, 39]",193090,7,387350,0,lib/tests/builtin/host-runtime.zy,original
release,0,1630,True,"[383, 160, 38, 39]",193042,7,343522,0,lib/tests/builtin/host-runtime.zy,jobs
release,0,1194,True,"[383, 160, 38, 39]",242378,14,428430,0,lib/tests/builtin/host-runtime.zy,explicit
release,0,1193,True,"[383, 160, 38, 39]",241866,14,427918,0,lib/tests/builtin/host-runtime.zy,recursive
release,0,1630,True,"[383, 160, 38, 39]",193042,7,343522,1,lib/tests/builtin/host-runtime.zy,jobs
release,0,1194,True,"[383, 160, 38, 39]",242378,14,428430,1,lib/tests/builtin/host-runtime.zy,explicit
release,0,1193,True,"[383, 160, 38, 39]",241866,14,427918,1,lib/tests/builtin/host-runtime.zy,recursive
release,0,2069,True,"[383, 160, 38, 39]",193090,7,387350,1,lib/tests/builtin/host-runtime.zy,original
release,0,1194,True,"[383, 160, 38, 39]",242378,14,428430,2,lib/tests/builtin/host-runtime.zy,explicit
release,0,1193,True,"[383, 160, 38, 39]",241866,14,427918,2,lib/tests/builtin/host-runtime.zy,recursive
release,0,2069,True,"[383, 160, 38, 39]",193090,7,387350,2,lib/tests/builtin/host-runtime.zy,original
release,0,1630,True,"[383, 160, 38, 39]",193042,7,343522,2,lib/tests/builtin/host-runtime.zy,jobs
release,0,1193,True,"[383, 160, 38, 39]",241866,14,427918,3,lib/tests/builtin/host-runtime.zy,recursive
release,0,2069,True,"[383, 160, 38, 39]",193090,7,387350,3,lib/tests/builtin/host-runtime.zy,original
release,0,1630,True,"[383, 160, 38, 39]",193042,7,343522,3,lib/tests/builtin/host-runtime.zy,jobs
release,0,1194,True,"[383, 160, 38, 39]",242378,14,428430,3,lib/tests/builtin/host-runtime.zy,explicit
release,0,2069,True,"[383, 160, 38, 39]",193090,7,387350,4,lib/tests/builtin/host-runtime.zy,original
release,0,1630,True,"[383, 160, 38, 39]",193042,7,343522,4,lib/tests/builtin/host-runtime.zy,jobs
release,0,1194,True,"[383, 160, 38, 39]",242378,14,428430,4,lib/tests/builtin/host-runtime.zy,explicit
release,0,1193,True,"[383, 160, 38, 39]",241866,14,427918,4,lib/tests/builtin/host-runtime.zy,recursive
release,0,1630,True,"[383, 160, 38, 39]",193042,7,343522,5,lib/tests/builtin/host-runtime.zy,jobs
release,0,1194,True,"[383, 160, 38, 39]",242378,14,428430,5,lib/tests/builtin/host-runtime.zy,explicit
release,0,1193,True,"[383, 160, 38, 39]",241866,14,427918,5,lib/tests/builtin/host-runtime.zy,recursive
release,0,2069,True,"[383, 160, 38, 39]",193090,7,387350,5,lib/tests/builtin/host-runtime.zy,original
release,0,1194,True,"[383, 160, 38, 39]",242378,14,428430,6,lib/tests/builtin/host-runtime.zy,explicit
release,0,1193,True,"[383, 160, 38, 39]",241866,14,427918,6,lib/tests/builtin/host-runtime.zy,recursive
release,0,2069,True,"[383, 160, 38, 39]",193090,7,387350,6,lib/tests/builtin/host-runtime.zy,original
release,0,1630,True,"[383, 160, 38, 39]",193042,7,343522,6,lib/tests/builtin/host-runtime.zy,jobs
release,0,1193,True,"[383, 160, 38, 39]",241866,14,427918,7,lib/tests/builtin/host-runtime.zy,recursive
release,0,2069,True,"[383, 160, 38, 39]",193090,7,387350,7,lib/tests/builtin/host-runtime.zy,original
release,0,1630,True,"[383, 160, 38, 39]",193042,7,343522,7,lib/tests/builtin/host-runtime.zy,jobs
release,0,1194,True,"[383, 160, 38, 39]",242378,14,428430,7,lib/tests/builtin/host-runtime.zy,explicit
release,0,1004,False,"[191, 52, 14, 0]",82031,2,174854,0,lib/tests/delimcc/reset-shift-k.zy,original
release,0,776,False,"[191, 52, 14, 0]",82659,2,153046,0,lib/tests/delimcc/reset-shift-k.zy,jobs
release,0,563,False,"[191, 52, 14, 0]",107563,8,196374,0,lib/tests/delimcc/reset-shift-k.zy,explicit
release,0,562,False,"[191, 52, 14, 0]",107051,8,195862,0,lib/tests/delimcc/reset-shift-k.zy,recursive
release,0,776,False,"[191, 52, 14, 0]",82659,2,153046,1,lib/tests/delimcc/reset-shift-k.zy,jobs
release,0,563,False,"[191, 52, 14, 0]",107563,8,196374,1,lib/tests/delimcc/reset-shift-k.zy,explicit
release,0,562,False,"[191, 52, 14, 0]",107051,8,195862,1,lib/tests/delimcc/reset-shift-k.zy,recursive
release,0,1004,False,"[191, 52, 14, 0]",82031,2,174854,1,lib/tests/delimcc/reset-shift-k.zy,original
release,0,563,False,"[191, 52, 14, 0]",107563,8,196374,2,lib/tests/delimcc/reset-shift-k.zy,explicit
release,0,562,False,"[191, 52, 14, 0]",107051,8,195862,2,lib/tests/delimcc/reset-shift-k.zy,recursive
release,0,1004,False,"[191, 52, 14, 0]",82031,2,174854,2,lib/tests/delimcc/reset-shift-k.zy,original
release,0,776,False,"[191, 52, 14, 0]",82659,2,153046,2,lib/tests/delimcc/reset-shift-k.zy,jobs
release,0,562,False,"[191, 52, 14, 0]",107051,8,195862,3,lib/tests/delimcc/reset-shift-k.zy,recursive
release,0,1004,False,"[191, 52, 14, 0]",82031,2,174854,3,lib/tests/delimcc/reset-shift-k.zy,original
release,0,776,False,"[191, 52, 14, 0]",82659,2,153046,3,lib/tests/delimcc/reset-shift-k.zy,jobs
release,0,563,False,"[191, 52, 14, 0]",107563,8,196374,3,lib/tests/delimcc/reset-shift-k.zy,explicit
release,0,1004,False,"[191, 52, 14, 0]",82031,2,174854,4,lib/tests/delimcc/reset-shift-k.zy,original
release,0,776,False,"[191, 52, 14, 0]",82659,2,153046,4,lib/tests/delimcc/reset-shift-k.zy,jobs
release,0,563,False,"[191, 52, 14, 0]",107563,8,196374,4,lib/tests/delimcc/reset-shift-k.zy,explicit
release,0,562,False,"[191, 52, 14, 0]",107051,8,195862,4,lib/tests/delimcc/reset-shift-k.zy,recursive
release,0,776,False,"[191, 52, 14, 0]",82659,2,153046,5,lib/tests/delimcc/reset-shift-k.zy,jobs
release,0,563,False,"[191, 52, 14, 0]",107563,8,196374,5,lib/tests/delimcc/reset-shift-k.zy,explicit
release,0,562,False,"[191, 52, 14, 0]",107051,8,195862,5,lib/tests/delimcc/reset-shift-k.zy,recursive
release,0,1004,False,"[191, 52, 14, 0]",82031,2,174854,5,lib/tests/delimcc/reset-shift-k.zy,original
release,0,563,False,"[191, 52, 14, 0]",107563,8,196374,6,lib/tests/delimcc/reset-shift-k.zy,explicit
release,0,562,False,"[191, 52, 14, 0]",107051,8,195862,6,lib/tests/delimcc/reset-shift-k.zy,recursive
release,0,1004,False,"[191, 52, 14, 0]",82031,2,174854,6,lib/tests/delimcc/reset-shift-k.zy,original
release,0,776,False,"[191, 52, 14, 0]",82659,2,153046,6,lib/tests/delimcc/reset-shift-k.zy,jobs
release,0,562,False,"[191, 52, 14, 0]",107051,8,195862,7,lib/tests/delimcc/reset-shift-k.zy,recursive
release,0,1004,False,"[191, 52, 14, 0]",82031,2,174854,7,lib/tests/delimcc/reset-shift-k.zy,original
release,0,776,False,"[191, 52, 14, 0]",82659,2,153046,7,lib/tests/delimcc/reset-shift-k.zy,jobs
release,0,563,False,"[191, 52, 14, 0]",107563,8,196374,7,lib/tests/delimcc/reset-shift-k.zy,explicit
release,0,967,True,"[184, 51, 14, 13]",82846,2,174158,0,lib/tests/delimcc/reset-shift-k.zy,original
release,0,749,True,"[184, 51, 14, 13]",83474,2,153282,0,lib/tests/delimcc/reset-shift-k.zy,jobs
release,0,551,True,"[184, 51, 14, 13]",108378,8,197090,0,lib/tests/delimcc/reset-shift-k.zy,explicit
release,0,550,True,"[184, 51, 14, 13]",107866,8,196578,0,lib/tests/delimcc/reset-shift-k.zy,recursive
release,0,749,True,"[184, 51, 14, 13]",83474,2,153282,1,lib/tests/delimcc/reset-shift-k.zy,jobs
release,0,551,True,"[184, 51, 14, 13]",108378,8,197090,1,lib/tests/delimcc/reset-shift-k.zy,explicit
release,0,550,True,"[184, 51, 14, 13]",107866,8,196578,1,lib/tests/delimcc/reset-shift-k.zy,recursive
release,0,967,True,"[184, 51, 14, 13]",82846,2,174158,1,lib/tests/delimcc/reset-shift-k.zy,original
release,0,551,True,"[184, 51, 14, 13]",108378,8,197090,2,lib/tests/delimcc/reset-shift-k.zy,explicit
release,0,550,True,"[184, 51, 14, 13]",107866,8,196578,2,lib/tests/delimcc/reset-shift-k.zy,recursive
release,0,967,True,"[184, 51, 14, 13]",82846,2,174158,2,lib/tests/delimcc/reset-shift-k.zy,original
release,0,749,True,"[184, 51, 14, 13]",83474,2,153282,2,lib/tests/delimcc/reset-shift-k.zy,jobs
release,0,550,True,"[184, 51, 14, 13]",107866,8,196578,3,lib/tests/delimcc/reset-shift-k.zy,recursive
release,0,967,True,"[184, 51, 14, 13]",82846,2,174158,3,lib/tests/delimcc/reset-shift-k.zy,original
release,0,749,True,"[184, 51, 14, 13]",83474,2,153282,3,lib/tests/delimcc/reset-shift-k.zy,jobs
release,0,551,True,"[184, 51, 14, 13]",108378,8,197090,3,lib/tests/delimcc/reset-shift-k.zy,explicit
release,0,967,True,"[184, 51, 14, 13]",82846,2,174158,4,lib/tests/delimcc/reset-shift-k.zy,original
release,0,749,True,"[184, 51, 14, 13]",83474,2,153282,4,lib/tests/delimcc/reset-shift-k.zy,jobs
release,0,551,True,"[184, 51, 14, 13]",108378,8,197090,4,lib/tests/delimcc/reset-shift-k.zy,explicit
release,0,550,True,"[184, 51, 14, 13]",107866,8,196578,4,lib/tests/delimcc/reset-shift-k.zy,recursive
release,0,749,True,"[184, 51, 14, 13]",83474,2,153282,5,lib/tests/delimcc/reset-shift-k.zy,jobs
release,0,551,True,"[184, 51, 14, 13]",108378,8,197090,5,lib/tests/delimcc/reset-shift-k.zy,explicit
release,0,550,True,"[184, 51, 14, 13]",107866,8,196578,5,lib/tests/delimcc/reset-shift-k.zy,recursive
release,0,967,True,"[184, 51, 14, 13]",82846,2,174158,5,lib/tests/delimcc/reset-shift-k.zy,original
release,0,551,True,"[184, 51, 14, 13]",108378,8,197090,6,lib/tests/delimcc/reset-shift-k.zy,explicit
release,0,550,True,"[184, 51, 14, 13]",107866,8,196578,6,lib/tests/delimcc/reset-shift-k.zy,recursive
release,0,967,True,"[184, 51, 14, 13]",82846,2,174158,6,lib/tests/delimcc/reset-shift-k.zy,original
release,0,749,True,"[184, 51, 14, 13]",83474,2,153282,6,lib/tests/delimcc/reset-shift-k.zy,jobs
release,0,550,True,"[184, 51, 14, 13]",107866,8,196578,7,lib/tests/delimcc/reset-shift-k.zy,recursive
release,0,967,True,"[184, 51, 14, 13]",82846,2,174158,7,lib/tests/delimcc/reset-shift-k.zy,original
release,0,749,True,"[184, 51, 14, 13]",83474,2,153282,7,lib/tests/delimcc/reset-shift-k.zy,jobs
release,0,551,True,"[184, 51, 14, 13]",108378,8,197090,7,lib/tests/delimcc/reset-shift-k.zy,explicit
release,0,2315,False,"[439, 163, 16, 0]",238101,2,470294,0,lib/tests/core/gc-stress.zy,original
release,0,1730,False,"[439, 163, 16, 0]",238799,2,415666,0,lib/tests/core/gc-stress.zy,jobs
release,0,1263,False,"[439, 163, 16, 0]",337439,10,598699,0,lib/tests/core/gc-stress.zy,explicit
release,0,1262,False,"[439, 163, 16, 0]",336927,10,598187,0,lib/tests/core/gc-stress.zy,recursive
release,0,1730,False,"[439, 163, 16, 0]",238799,2,415666,1,lib/tests/core/gc-stress.zy,jobs
release,0,1263,False,"[439, 163, 16, 0]",337439,10,598699,1,lib/tests/core/gc-stress.zy,explicit
release,0,1262,False,"[439, 163, 16, 0]",336927,10,598187,1,lib/tests/core/gc-stress.zy,recursive
release,0,2315,False,"[439, 163, 16, 0]",238101,2,470294,1,lib/tests/core/gc-stress.zy,original
release,0,1263,False,"[439, 163, 16, 0]",337439,10,598699,2,lib/tests/core/gc-stress.zy,explicit
release,0,1262,False,"[439, 163, 16, 0]",336927,10,598187,2,lib/tests/core/gc-stress.zy,recursive
release,0,2315,False,"[439, 163, 16, 0]",238101,2,470294,2,lib/tests/core/gc-stress.zy,original
release,0,1730,False,"[439, 163, 16, 0]",238799,2,415666,2,lib/tests/core/gc-stress.zy,jobs
release,0,1262,False,"[439, 163, 16, 0]",336927,10,598187,3,lib/tests/core/gc-stress.zy,recursive
release,0,2315,False,"[439, 163, 16, 0]",238101,2,470294,3,lib/tests/core/gc-stress.zy,original
release,0,1730,False,"[439, 163, 16, 0]",238799,2,415666,3,lib/tests/core/gc-stress.zy,jobs
release,0,1263,False,"[439, 163, 16, 0]",337439,10,598699,3,lib/tests/core/gc-stress.zy,explicit
release,0,2315,False,"[439, 163, 16, 0]",238101,2,470294,4,lib/tests/core/gc-stress.zy,original
release,0,1730,False,"[439, 163, 16, 0]",238799,2,415666,4,lib/tests/core/gc-stress.zy,jobs
release,0,1263,False,"[439, 163, 16, 0]",337439,10,598699,4,lib/tests/core/gc-stress.zy,explicit
release,0,1262,False,"[439, 163, 16, 0]",336927,10,598187,4,lib/tests/core/gc-stress.zy,recursive
release,0,1730,False,"[439, 163, 16, 0]",238799,2,415666,5,lib/tests/core/gc-stress.zy,jobs
release,0,1263,False,"[439, 163, 16, 0]",337439,10,598699,5,lib/tests/core/gc-stress.zy,explicit
release,0,1262,False,"[439, 163, 16, 0]",336927,10,598187,5,lib/tests/core/gc-stress.zy,recursive
release,0,2315,False,"[439, 163, 16, 0]",238101,2,470294,5,lib/tests/core/gc-stress.zy,original
release,0,1263,False,"[439, 163, 16, 0]",337439,10,598699,6,lib/tests/core/gc-stress.zy,explicit
release,0,1262,False,"[439, 163, 16, 0]",336927,10,598187,6,lib/tests/core/gc-stress.zy,recursive
release,0,2315,False,"[439, 163, 16, 0]",238101,2,470294,6,lib/tests/core/gc-stress.zy,original
release,0,1730,False,"[439, 163, 16, 0]",238799,2,415666,6,lib/tests/core/gc-stress.zy,jobs
release,0,1262,False,"[439, 163, 16, 0]",336927,10,598187,7,lib/tests/core/gc-stress.zy,recursive
release,0,2315,False,"[439, 163, 16, 0]",238101,2,470294,7,lib/tests/core/gc-stress.zy,original
release,0,1730,False,"[439, 163, 16, 0]",238799,2,415666,7,lib/tests/core/gc-stress.zy,jobs
release,0,1263,False,"[439, 163, 16, 0]",337439,10,598699,7,lib/tests/core/gc-stress.zy,explicit
release,0,2233,True,"[422, 163, 16, 15]",237225,2,466095,0,lib/tests/core/gc-stress.zy,original
release,0,1672,True,"[422, 163, 16, 15]",237923,2,413727,0,lib/tests/core/gc-stress.zy,jobs
release,0,1231,True,"[422, 163, 16, 15]",287411,9,499288,0,lib/tests/core/gc-stress.zy,explicit
release,0,1230,True,"[422, 163, 16, 15]",286899,9,498776,0,lib/tests/core/gc-stress.zy,recursive
release,0,1672,True,"[422, 163, 16, 15]",237923,2,413727,1,lib/tests/core/gc-stress.zy,jobs
release,0,1231,True,"[422, 163, 16, 15]",287411,9,499288,1,lib/tests/core/gc-stress.zy,explicit
release,0,1230,True,"[422, 163, 16, 15]",286899,9,498776,1,lib/tests/core/gc-stress.zy,recursive
release,0,2233,True,"[422, 163, 16, 15]",237225,2,466095,1,lib/tests/core/gc-stress.zy,original
release,0,1231,True,"[422, 163, 16, 15]",287411,9,499288,2,lib/tests/core/gc-stress.zy,explicit
release,0,1230,True,"[422, 163, 16, 15]",286899,9,498776,2,lib/tests/core/gc-stress.zy,recursive
release,0,2233,True,"[422, 163, 16, 15]",237225,2,466095,2,lib/tests/core/gc-stress.zy,original
release,0,1672,True,"[422, 163, 16, 15]",237923,2,413727,2,lib/tests/core/gc-stress.zy,jobs
release,0,1230,True,"[422, 163, 16, 15]",286899,9,498776,3,lib/tests/core/gc-stress.zy,recursive
release,0,2233,True,"[422, 163, 16, 15]",237225,2,466095,3,lib/tests/core/gc-stress.zy,original
release,0,1672,True,"[422, 163, 16, 15]",237923,2,413727,3,lib/tests/core/gc-stress.zy,jobs
release,0,1231,True,"[422, 163, 16, 15]",287411,9,499288,3,lib/tests/core/gc-stress.zy,explicit
release,0,2233,True,"[422, 163, 16, 15]",237225,2,466095,4,lib/tests/core/gc-stress.zy,original
release,0,1672,True,"[422, 163, 16, 15]",237923,2,413727,4,lib/tests/core/gc-stress.zy,jobs
release,0,1231,True,"[422, 163, 16, 15]",287411,9,499288,4,lib/tests/core/gc-stress.zy,explicit
release,0,1230,True,"[422, 163, 16, 15]",286899,9,498776,4,lib/tests/core/gc-stress.zy,recursive
release,0,1672,True,"[422, 163, 16, 15]",237923,2,413727,5,lib/tests/core/gc-stress.zy,jobs
release,0,1231,True,"[422, 163, 16, 15]",287411,9,499288,5,lib/tests/core/gc-stress.zy,explicit
release,0,1230,True,"[422, 163, 16, 15]",286899,9,498776,5,lib/tests/core/gc-stress.zy,recursive
release,0,2233,True,"[422, 163, 16, 15]",237225,2,466095,5,lib/tests/core/gc-stress.zy,original
release,0,1231,True,"[422, 163, 16, 15]",287411,9,499288,6,lib/tests/core/gc-stress.zy,explicit
release,0,1230,True,"[422, 163, 16, 15]",286899,9,498776,6,lib/tests/core/gc-stress.zy,recursive
release,0,2233,True,"[422, 163, 16, 15]",237225,2,466095,6,lib/tests/core/gc-stress.zy,original
release,0,1672,True,"[422, 163, 16, 15]",237923,2,413727,6,lib/tests/core/gc-stress.zy,jobs
release,0,1230,True,"[422, 163, 16, 15]",286899,9,498776,7,lib/tests/core/gc-stress.zy,recursive
release,0,2233,True,"[422, 163, 16, 15]",237225,2,466095,7,lib/tests/core/gc-stress.zy,original
release,0,1672,True,"[422, 163, 16, 15]",237923,2,413727,7,lib/tests/core/gc-stress.zy,jobs
release,0,1231,True,"[422, 163, 16, 15]",287411,9,499288,7,lib/tests/core/gc-stress.zy,explicit
